email;country
catherine0@adventure-works.com;United States
kim2@adventure-works.com;United States
frances0@adventure-works.com;United States
margaret0@adventure-works.com;United States
jay1@adventure-works.com;United States
samuel0@adventure-works.com;Canada
robert1@adventure-works.com;United States
françois1@adventure-works.com;United States
amy1@adventure-works.com;Canada
paul2@adventure-works.com;United States
gregory0@adventure-works.com;Canada
gregory0@adventure-works.com;Canada
michelle0@adventure-works.com;United States
sean2@adventure-works.com;United States
marvin0@adventure-works.com;United States
cecil0@adventure-works.com;Canada
oscar0@adventure-works.com;United States
maxwell0@adventure-works.com;Canada
ramona0@adventure-works.com;United States
tom1@adventure-works.com;United States
thomas1@adventure-works.com;United States
john6@adventure-works.com;United States
chris3@adventure-works.com;United States
teresa0@adventure-works.com;United States
robert2@adventure-works.com;Canada
stephen1@adventure-works.com;United States
daniel0@adventure-works.com;Canada
cory0@adventure-works.com;United States
james3@adventure-works.com;United States
douglas1@adventure-works.com;United States
wayne0@adventure-works.com;United States
robert3@adventure-works.com;United States
josh0@adventure-works.com;Canada
gytis0@adventure-works.com;Canada
shaun0@adventure-works.com;Canada
john8@adventure-works.com;United States
john8@adventure-works.com;United States
christopher1@adventure-works.com;United Kingdom
ann0@adventure-works.com;Canada
stanley0@adventure-works.com;United States
edna0@adventure-works.com;United States
payton0@adventure-works.com;United States
alexander0@adventure-works.com;Canada
john10@adventure-works.com;Canada
robert4@adventure-works.com;United States
robert4@adventure-works.com;United States
matthias1@adventure-works.com;United States
steven1@adventure-works.com;United States
jimmy1@adventure-works.com;United States
mae1@adventure-works.com;United States
jackie0@adventure-works.com;Canada
donald0@adventure-works.com;United States
linda4@adventure-works.com;United States
michael11@adventure-works.com;United States
gabriel0@adventure-works.com;United States
luis0@adventure-works.com;United States
randall0@adventure-works.com;United States
eli0@adventure-works.com;Canada
lester0@adventure-works.com;Canada
cornelius0@adventure-works.com;United States
richard1@adventure-works.com;United States
ted0@adventure-works.com;United States
alan1@adventure-works.com;United States
walter0@adventure-works.com;United States
christopher2@adventure-works.com;United States
john12@adventure-works.com;United Kingdom
willie0@adventure-works.com;United States
jo2@adventure-works.com;United States
robert5@adventure-works.com;United States
mary5@adventure-works.com;United States
eric3@adventure-works.com;Canada
michael13@adventure-works.com;United States
shirley0@adventure-works.com;United States
june0@adventure-works.com;United States
dirk0@adventure-works.com;Canada
janainabarreirogambaro0@adventure-works.com;Canada
megan0@adventure-works.com;United States
karren0@adventure-works.com;United States
timothy0@adventure-works.com;Canada
jared0@adventure-works.com;United States
richard2@adventure-works.com;United Kingdom
ryan1@adventure-works.com;Canada
mari0@adventure-works.com;United Kingdom
barbara2@adventure-works.com;United States
lindsey0@adventure-works.com;United States
gustavo1@adventure-works.com;United Kingdom
joan0@adventure-works.com;Canada
henry0@adventure-works.com;United States
chris5@adventure-works.com;United States
suzanadeabreu0@adventure-works.com;Canada
johnny0@adventure-works.com;Canada
carlton0@adventure-works.com;Canada
jane0@adventure-works.com;United States
jovita0@adventure-works.com;United States
rob2@adventure-works.com;United States
andy1@adventure-works.com;United States
donna0@adventure-works.com;United States
rosmarie0@adventure-works.com;United States
joseph1@adventure-works.com;Canada
raul0@adventure-works.com;United States
matthew1@adventure-works.com;United States
brigid0@adventure-works.com;United Kingdom
andrew2@adventure-works.com;United States
stacey0@adventure-works.com;United States
pat1@adventure-works.com;Canada
forrest0@adventure-works.com;United States
lee0@adventure-works.com;United States
pei0@adventure-works.com;United States
yao-qiang0@adventure-works.com;United States
nicky0@adventure-works.com;United States
ruth1@adventure-works.com;United States
anthony0@adventure-works.com;United States
jill1@adventure-works.com;United States
alice1@adventure-works.com;United States
jane1@adventure-works.com;Canada
connie0@adventure-works.com;United States
pat2@adventure-works.com;Canada
john14@adventure-works.com;United States
scott1@adventure-works.com;United States
william1@adventure-works.com;Canada
dorothy0@adventure-works.com;Canada
scott2@adventure-works.com;United States
eva0@adventure-works.com;United States
marlin0@adventure-works.com;United States
jack2@adventure-works.com;United States
grant1@adventure-works.com;United States
scott3@adventure-works.com;United States
conor0@adventure-works.com;United States
thierry1@adventure-works.com;Canada
megan1@adventure-works.com;United States
alvaro0@adventure-works.com;United States
jacob0@adventure-works.com;Canada
alexander1@adventure-works.com;Canada
aidan0@adventure-works.com;United States
stefan0@adventure-works.com;United States
della0@adventure-works.com;Canada
prashanth0@adventure-works.com;United States
bev0@adventure-works.com;United States
brenda2@adventure-works.com;United States
gabriele0@adventure-works.com;Canada
dick1@adventure-works.com;United Kingdom
rudolph0@adventure-works.com;Canada
blaine0@adventure-works.com;United States
cindy0@adventure-works.com;United States
patricia0@adventure-works.com;United States
gerald0@adventure-works.com;United States
reuben1@adventure-works.com;Canada
bart0@adventure-works.com;United States
maciej1@adventure-works.com;United States
linda5@adventure-works.com;Canada
carol2@adventure-works.com;United States
shannon0@adventure-works.com;United States
jauna0@adventure-works.com;Canada
terry1@adventure-works.com;United Kingdom
john16@adventure-works.com;United States
gail1@adventure-works.com;United States
mark2@adventure-works.com;United States
martha0@adventure-works.com;Canada
janeth1@adventure-works.com;United Kingdom
twanna0@adventure-works.com;United States
ann1@adventure-works.com;United States
john17@adventure-works.com;United States
carolyn0@adventure-works.com;United States
geri0@adventure-works.com;United States
rhoda0@adventure-works.com;Canada
kathie1@adventure-works.com;United States
kelly0@adventure-works.com;Canada
garth0@adventure-works.com;United States
dorothy1@adventure-works.com;United States
susan3@adventure-works.com;Canada
mihail1@adventure-works.com;United States
john19@adventure-works.com;United States
paul3@adventure-works.com;United States
bob1@adventure-works.com;Canada
michael15@adventure-works.com;United States
jon0@adventure-works.com;United States
kathleen0@adventure-works.com;Canada
dominic0@adventure-works.com;United States
janet1@adventure-works.com;United States
janet1@adventure-works.com;United States
orlando0@adventure-works.com;United States
darren0@adventure-works.com;United States
jim1@adventure-works.com;United States
barbara4@adventure-works.com;United Kingdom
leo0@adventure-works.com;United Kingdom
frances1@adventure-works.com;Canada
guy0@adventure-works.com;United States
janet2@adventure-works.com;United States
mary6@adventure-works.com;United States
jeanie0@adventure-works.com;United States
diane3@adventure-works.com;Canada
scott4@adventure-works.com;United States
mete0@adventure-works.com;United States
brian4@adventure-works.com;Canada
abigail0@adventure-works.com;United States
michael16@adventure-works.com;United States
derek0@adventure-works.com;Canada
jon1@adventure-works.com;United Kingdom
jane2@adventure-works.com;Canada
douglas2@adventure-works.com;United States
brian5@adventure-works.com;United States
hattie0@adventure-works.com;Canada
erin1@adventure-works.com;United States
betty0@adventure-works.com;United States
bryan2@adventure-works.com;Canada
kerim0@adventure-works.com;United States
jean1@adventure-works.com;United States
katherine0@adventure-works.com;Canada
lucy0@adventure-works.com;United States
keith0@adventure-works.com;United States
keith0@adventure-works.com;United States
roger0@adventure-works.com;United States
ann2@adventure-works.com;United States
james8@adventure-works.com;Canada
brenda3@adventure-works.com;Canada
john20@adventure-works.com;United States
valerie0@adventure-works.com;United States
kari0@adventure-works.com;Canada
irene0@adventure-works.com;Canada
jésus0@adventure-works.com;Canada
cheryl0@adventure-works.com;United States
ronald1@adventure-works.com;United States
andrew4@adventure-works.com;Canada
mike3@adventure-works.com;United States
matthew3@adventure-works.com;United States
david16@adventure-works.com;United States
helge0@adventure-works.com;United States
bob2@adventure-works.com;United States
jean2@adventure-works.com;United Kingdom
eddie0@adventure-works.com;Canada
juanita0@adventure-works.com;United States
peter3@adventure-works.com;United States
curtis0@adventure-works.com;Canada
janice1@adventure-works.com;United Kingdom
george1@adventure-works.com;United States
joshua0@adventure-works.com;United States
arlene0@adventure-works.com;United Kingdom
phyllis1@adventure-works.com;United States
phyllis1@adventure-works.com;United States
lawrence0@adventure-works.com;United States
ryan4@adventure-works.com;Canada
beth0@adventure-works.com;Canada
lucio0@adventure-works.com;United States
richard4@adventure-works.com;United States
erik0@adventure-works.com;United States
denean0@adventure-works.com;United Kingdom
bronson0@adventure-works.com;Canada
eric5@adventure-works.com;United States
jodan0@adventure-works.com;United States
mary7@adventure-works.com;United States
david17@adventure-works.com;United Kingdom
vance0@adventure-works.com;Canada
joyce0@adventure-works.com;United States
stephen3@adventure-works.com;Canada
danielle1@adventure-works.com;Canada
barry1@adventure-works.com;United States
barry1@adventure-works.com;United States
brian6@adventure-works.com;United States
david18@adventure-works.com;United States
jean3@adventure-works.com;United States
peggy0@adventure-works.com;United States
diane4@adventure-works.com;United States
sandra2@adventure-works.com;Canada
sandeep1@adventure-works.com;United States
lori2@adventure-works.com;Canada
kay0@adventure-works.com;United States
kay0@adventure-works.com;United States
sandeep2@adventure-works.com;United States
victor0@adventure-works.com;Canada
john22@adventure-works.com;United States
robert7@adventure-works.com;United States
kevin4@adventure-works.com;United States
mary8@adventure-works.com;United Kingdom
elizabeth2@adventure-works.com;Canada
imtiaz0@adventure-works.com;United States
karan1@adventure-works.com;United States
joe1@adventure-works.com;United Kingdom
shane2@adventure-works.com;Canada
tim0@adventure-works.com;Canada
anton0@adventure-works.com;United States
christian1@adventure-works.com;United States
andrew5@adventure-works.com;United States
kirk2@adventure-works.com;Canada
eugene2@adventure-works.com;United States
scott6@adventure-works.com;United States
joy0@adventure-works.com;United States
pamala0@adventure-works.com;United Kingdom
mitch0@adventure-works.com;United States
margaret1@adventure-works.com;United States
deepak0@adventure-works.com;United Kingdom
vamsi1@adventure-works.com;Canada
jeffrey3@adventure-works.com;United States
peter4@adventure-works.com;United States
eric6@adventure-works.com;United States
rebecca2@adventure-works.com;United Kingdom
david19@adventure-works.com;Canada
elsa0@adventure-works.com;United States
michael18@adventure-works.com;United States
marjorie0@adventure-works.com;United States
frank4@adventure-works.com;United States
mark5@adventure-works.com;Canada
jolie0@adventure-works.com;United Kingdom
roger1@adventure-works.com;United States
a0@adventure-works.com;United States
bonnie2@adventure-works.com;United States
linda7@adventure-works.com;Canada
elsie0@adventure-works.com;United States
george3@adventure-works.com;United States
yale0@adventure-works.com;Canada
yuhong1@adventure-works.com;United Kingdom
joseph2@adventure-works.com;United States
paulo0@adventure-works.com;United States
paulo0@adventure-works.com;United States
david20@adventure-works.com;United States
jinghao1@adventure-works.com;United States
kevin5@adventure-works.com;United States
todd0@adventure-works.com;Canada
sharon2@adventure-works.com;United States
anita0@adventure-works.com;Canada
judy1@adventure-works.com;United States
robert8@adventure-works.com;Canada
robert9@adventure-works.com;Canada
denise1@adventure-works.com;United States
scott7@adventure-works.com;United States
walter1@adventure-works.com;United States
ajay0@adventure-works.com;United Kingdom
tomas0@adventure-works.com;United Kingdom
kathy0@adventure-works.com;United States
melissa0@adventure-works.com;United States
cecelia0@adventure-works.com;Canada
linda8@adventure-works.com;United Kingdom
frank5@adventure-works.com;United States
steve2@adventure-works.com;Canada
jennifer1@adventure-works.com;United Kingdom
chris6@adventure-works.com;United States
sandra4@adventure-works.com;United States
robin0@adventure-works.com;Canada
lola0@adventure-works.com;United States
jane3@adventure-works.com;United States
james12@adventure-works.com;Canada
yvonne1@adventure-works.com;United States
nkenge0@adventure-works.com;United States
nancy3@adventure-works.com;United Kingdom
raquel0@adventure-works.com;Canada
rmorgan0@adventure-works.com;United States
stephen4@adventure-works.com;Canada
helen2@adventure-works.com;United States
thomas2@adventure-works.com;Canada
virginia0@adventure-works.com;United States
virginia0@adventure-works.com;United States
matthew5@adventure-works.com;United Kingdom
ben1@adventure-works.com;Canada
dylan1@adventure-works.com;United States
frank6@adventure-works.com;United States
neva0@adventure-works.com;United States
linda9@adventure-works.com;United Kingdom
joseph4@adventure-works.com;United States
laura3@adventure-works.com;United States
shanay0@adventure-works.com;Canada
stefano0@adventure-works.com;United Kingdom
alan4@adventure-works.com;United States
derik0@adventure-works.com;United States
vassar0@adventure-works.com;United States
wathalee0@adventure-works.com;United States
alice4@adventure-works.com;United States
lizamarie0@adventure-works.com;United States
jim5@adventure-works.com;Canada
robert12@adventure-works.com;United States
kayla0@adventure-works.com;United States
rubysue0@adventure-works.com;Canada
gary5@adventure-works.com;United Kingdom
ruth2@adventure-works.com;United States
elizabeth4@adventure-works.com;United States
michael24@adventure-works.com;United States
marcia0@adventure-works.com;Canada
krishna1@adventure-works.com;United Kingdom
brad0@adventure-works.com;United States
abraham0@adventure-works.com;United States
katherine1@adventure-works.com;Canada
julie1@adventure-works.com;United States
clarence0@adventure-works.com;United States
mike6@adventure-works.com;Canada
chad1@adventure-works.com;United States
vanessa0@adventure-works.com;United States
judy3@adventure-works.com;United States
phyllis2@adventure-works.com;Canada
donald1@adventure-works.com;United States
kendra0@adventure-works.com;United States
daniel2@adventure-works.com;United States
andrea1@adventure-works.com;United Kingdom
yuping0@adventure-works.com;Canada
diane5@adventure-works.com;United States
delia0@adventure-works.com;United States
glenn0@adventure-works.com;Canada
billy0@adventure-works.com;Canada
michaeljohn0@adventure-works.com;United States
christie0@adventure-works.com;United States
phyllis3@adventure-works.com;Canada
sairaj1@adventure-works.com;United States
sunil0@adventure-works.com;United States
esther0@adventure-works.com;Canada
jessie0@adventure-works.com;United States
roger2@adventure-works.com;United Kingdom
rose1@adventure-works.com;United Kingdom
gregory1@adventure-works.com;United States
michael25@adventure-works.com;United States
margaret2@adventure-works.com;United States
kara0@adventure-works.com;Canada
nieves0@adventure-works.com;United States
gary6@adventure-works.com;United States
ranjit1@adventure-works.com;United States
patricia2@adventure-works.com;United States
raja0@adventure-works.com;United Kingdom
dora0@adventure-works.com;Canada
wanda0@adventure-works.com;United States
robert13@adventure-works.com;United States
caroline0@adventure-works.com;United States
