GuardianID;Name;Mail;Password
1;EE1;emailee1@gmail.com;ᚫꛘ♕睯奤艝
2;EE2;emailee2@gmail.com;ᚫꛘ♕睯奤艝
3;EE3;emailee3@gmail.com;ᚫꛘ♕睯奤艝
4;EE4;emailee4@gmail.com;ᚫꛘ♕睯奤艝
5;EE5;emailee5@gmail.com;ᚫꛘ♕睯奤艝
6;EE6;emailee6@gmail.com;ᚫꛘ♕睯奤艝
7;EE7;emailee7@gmail.com;ᚫꛘ♕睯奤艝
8;EE8;emailee8@gmail.com;ᚫꛘ♕睯奤艝
9;EE9;emailee9@gmail.com;ᚫꛘ♕睯奤艝
10;EE10;emailee10@gmail.com;ᚫꛘ♕睯奤艝
11;EE11;emailee11@gmail.com;ᚫꛘ♕睯奤艝
12;EE12;emailee12@gmail.com;ᚫꛘ♕睯奤艝
13;EE13;emailee13@gmail.com;ᚫꛘ♕睯奤艝
14;EE14;emailee14@gmail.com;ᚫꛘ♕睯奤艝
15;EE15;emailee15@gmail.com;ᚫꛘ♕睯奤艝
16;EE16;emailee16@gmail.com;ᚫꛘ♕睯奤艝
17;EE17;emailee17@gmail.com;ᚫꛘ♕睯奤艝
18;EE18;emailee18@gmail.com;ᚫꛘ♕睯奤艝
19;EE19;emailee19@gmail.com;ᚫꛘ♕睯奤艝
20;EE20;emailee20@gmail.com;ᚫꛘ♕睯奤艝
21;EE21;emailee21@gmail.com;ᚫꛘ♕睯奤艝
22;EE22;emailee22@gmail.com;ᚫꛘ♕睯奤艝
23;EE23;emailee23@gmail.com;ᚫꛘ♕睯奤艝
24;EE24;emailee24@gmail.com;ᚫꛘ♕睯奤艝
25;EE25;emailee25@gmail.com;ᚫꛘ♕睯奤艝
26;EE26;emailee26@gmail.com;ᚫꛘ♕睯奤艝
27;EE27;emailee27@gmail.com;ᚫꛘ♕睯奤艝
28;EE28;emailee28@gmail.com;ᚫꛘ♕睯奤艝
29;EE29;emailee29@gmail.com;ᚫꛘ♕睯奤艝
30;EE30;emailee30@gmail.com;ᚫꛘ♕睯奤艝
31;EE31;emailee31@gmail.com;ᚫꛘ♕睯奤艝
32;EE32;emailee32@gmail.com;ᚫꛘ♕睯奤艝
33;EE33;emailee33@gmail.com;ᚫꛘ♕睯奤艝
34;EE34;emailee34@gmail.com;ᚫꛘ♕睯奤艝
35;EE35;emailee35@gmail.com;ᚫꛘ♕睯奤艝
36;EE36;emailee36@gmail.com;ᚫꛘ♕睯奤艝
37;EE37;emailee37@gmail.com;ᚫꛘ♕睯奤艝
38;EE38;emailee38@gmail.com;ᚫꛘ♕睯奤艝
39;EE39;emailee39@gmail.com;ᚫꛘ♕睯奤艝
40;EE40;emailee40@gmail.com;ᚫꛘ♕睯奤艝
41;EE41;emailee41@gmail.com;ᚫꛘ♕睯奤艝
42;EE42;emailee42@gmail.com;ᚫꛘ♕睯奤艝
43;EE43;emailee43@gmail.com;ᚫꛘ♕睯奤艝
44;EE44;emailee44@gmail.com;ᚫꛘ♕睯奤艝
45;EE45;emailee45@gmail.com;ᚫꛘ♕睯奤艝
46;EE46;emailee46@gmail.com;ᚫꛘ♕睯奤艝
47;EE47;emailee47@gmail.com;ᚫꛘ♕睯奤艝
48;EE48;emailee48@gmail.com;ᚫꛘ♕睯奤艝
49;EE49;emailee49@gmail.com;ᚫꛘ♕睯奤艝
50;EE50;emailee50@gmail.com;ᚫꛘ♕睯奤艝
51;EE51;emailee51@gmail.com;ᚫꛘ♕睯奤艝
52;EE52;emailee52@gmail.com;ᚫꛘ♕睯奤艝
53;EE53;emailee53@gmail.com;ᚫꛘ♕睯奤艝
54;EE54;emailee54@gmail.com;ᚫꛘ♕睯奤艝
55;EE55;emailee55@gmail.com;ᚫꛘ♕睯奤艝
56;EE56;emailee56@gmail.com;ᚫꛘ♕睯奤艝
57;EE57;emailee57@gmail.com;ᚫꛘ♕睯奤艝
58;EE58;emailee58@gmail.com;ᚫꛘ♕睯奤艝
59;EE59;emailee59@gmail.com;ᚫꛘ♕睯奤艝
60;EE60;emailee60@gmail.com;ᚫꛘ♕睯奤艝
61;EE61;emailee61@gmail.com;ᚫꛘ♕睯奤艝
62;EE62;emailee62@gmail.com;ᚫꛘ♕睯奤艝
63;EE63;emailee63@gmail.com;ᚫꛘ♕睯奤艝
64;EE64;emailee64@gmail.com;ᚫꛘ♕睯奤艝
65;EE65;emailee65@gmail.com;ᚫꛘ♕睯奤艝
66;EE66;emailee66@gmail.com;ᚫꛘ♕睯奤艝
67;EE67;emailee67@gmail.com;ᚫꛘ♕睯奤艝
68;EE68;emailee68@gmail.com;ᚫꛘ♕睯奤艝
69;EE69;emailee69@gmail.com;ᚫꛘ♕睯奤艝
70;EE70;emailee70@gmail.com;ᚫꛘ♕睯奤艝
71;EE71;emailee71@gmail.com;ᚫꛘ♕睯奤艝
72;EE72;emailee72@gmail.com;ᚫꛘ♕睯奤艝
73;EE73;emailee73@gmail.com;ᚫꛘ♕睯奤艝
74;EE74;emailee74@gmail.com;ᚫꛘ♕睯奤艝
75;EE75;emailee75@gmail.com;ᚫꛘ♕睯奤艝
76;EE76;emailee76@gmail.com;ᚫꛘ♕睯奤艝
77;EE77;emailee77@gmail.com;ᚫꛘ♕睯奤艝
78;EE78;emailee78@gmail.com;ᚫꛘ♕睯奤艝
79;EE79;emailee79@gmail.com;ᚫꛘ♕睯奤艝
80;EE80;emailee80@gmail.com;ᚫꛘ♕睯奤艝
81;EE81;emailee81@gmail.com;ᚫꛘ♕睯奤艝
82;EE82;emailee82@gmail.com;ᚫꛘ♕睯奤艝
83;EE83;emailee83@gmail.com;ᚫꛘ♕睯奤艝
84;EE84;emailee84@gmail.com;ᚫꛘ♕睯奤艝
85;EE85;emailee85@gmail.com;ᚫꛘ♕睯奤艝
86;EE86;emailee86@gmail.com;ᚫꛘ♕睯奤艝
87;EE87;emailee87@gmail.com;ᚫꛘ♕睯奤艝
88;EE88;emailee88@gmail.com;ᚫꛘ♕睯奤艝
89;EE89;emailee89@gmail.com;ᚫꛘ♕睯奤艝
90;EE90;emailee90@gmail.com;ᚫꛘ♕睯奤艝
91;EE91;emailee91@gmail.com;ᚫꛘ♕睯奤艝
92;EE92;emailee92@gmail.com;ᚫꛘ♕睯奤艝
93;EE93;emailee93@gmail.com;ᚫꛘ♕睯奤艝
94;EE94;emailee94@gmail.com;ᚫꛘ♕睯奤艝
95;EE95;emailee95@gmail.com;ᚫꛘ♕睯奤艝
96;EE96;emailee96@gmail.com;ᚫꛘ♕睯奤艝
97;EE97;emailee97@gmail.com;ᚫꛘ♕睯奤艝
98;EE98;emailee98@gmail.com;ᚫꛘ♕睯奤艝
99;EE99;emailee99@gmail.com;ᚫꛘ♕睯奤艝
100;EE100;emailee100@gmail.com;ᚫꛘ♕睯奤艝
101;EE101;emailee101@gmail.com;ᚫꛘ♕睯奤艝
102;EE102;emailee102@gmail.com;ᚫꛘ♕睯奤艝
103;EE103;emailee103@gmail.com;ᚫꛘ♕睯奤艝
104;EE104;emailee104@gmail.com;ᚫꛘ♕睯奤艝
105;EE105;emailee105@gmail.com;ᚫꛘ♕睯奤艝
106;EE106;emailee106@gmail.com;ᚫꛘ♕睯奤艝
107;EE107;emailee107@gmail.com;ᚫꛘ♕睯奤艝
108;EE108;emailee108@gmail.com;ᚫꛘ♕睯奤艝
109;EE109;emailee109@gmail.com;ᚫꛘ♕睯奤艝
110;EE110;emailee110@gmail.com;ᚫꛘ♕睯奤艝
111;EE111;emailee111@gmail.com;ᚫꛘ♕睯奤艝
112;EE112;emailee112@gmail.com;ᚫꛘ♕睯奤艝
113;EE113;emailee113@gmail.com;ᚫꛘ♕睯奤艝
114;EE114;emailee114@gmail.com;ᚫꛘ♕睯奤艝
115;EE115;emailee115@gmail.com;ᚫꛘ♕睯奤艝
116;EE116;emailee116@gmail.com;ᚫꛘ♕睯奤艝
117;EE117;emailee117@gmail.com;ᚫꛘ♕睯奤艝
118;EE118;emailee118@gmail.com;ᚫꛘ♕睯奤艝
119;EE119;emailee119@gmail.com;ᚫꛘ♕睯奤艝
120;EE120;emailee120@gmail.com;ᚫꛘ♕睯奤艝
121;EE121;emailee121@gmail.com;ᚫꛘ♕睯奤艝
122;EE122;emailee122@gmail.com;ᚫꛘ♕睯奤艝
123;EE123;emailee123@gmail.com;ᚫꛘ♕睯奤艝
124;EE124;emailee124@gmail.com;ᚫꛘ♕睯奤艝
125;EE125;emailee125@gmail.com;ᚫꛘ♕睯奤艝
126;EE126;emailee126@gmail.com;ᚫꛘ♕睯奤艝
127;EE127;emailee127@gmail.com;ᚫꛘ♕睯奤艝
128;EE128;emailee128@gmail.com;ᚫꛘ♕睯奤艝
129;EE129;emailee129@gmail.com;ᚫꛘ♕睯奤艝
130;EE130;emailee130@gmail.com;ᚫꛘ♕睯奤艝
131;EE131;emailee131@gmail.com;ᚫꛘ♕睯奤艝
132;EE132;emailee132@gmail.com;ᚫꛘ♕睯奤艝
133;EE133;emailee133@gmail.com;ᚫꛘ♕睯奤艝
134;EE134;emailee134@gmail.com;ᚫꛘ♕睯奤艝
135;EE135;emailee135@gmail.com;ᚫꛘ♕睯奤艝
136;EE136;emailee136@gmail.com;ᚫꛘ♕睯奤艝
137;EE137;emailee137@gmail.com;ᚫꛘ♕睯奤艝
138;EE138;emailee138@gmail.com;ᚫꛘ♕睯奤艝
139;EE139;emailee139@gmail.com;ᚫꛘ♕睯奤艝
140;EE140;emailee140@gmail.com;ᚫꛘ♕睯奤艝
141;EE141;emailee141@gmail.com;ᚫꛘ♕睯奤艝
142;EE142;emailee142@gmail.com;ᚫꛘ♕睯奤艝
143;EE143;emailee143@gmail.com;ᚫꛘ♕睯奤艝
144;EE144;emailee144@gmail.com;ᚫꛘ♕睯奤艝
145;EE145;emailee145@gmail.com;ᚫꛘ♕睯奤艝
146;EE146;emailee146@gmail.com;ᚫꛘ♕睯奤艝
147;EE147;emailee147@gmail.com;ᚫꛘ♕睯奤艝
148;EE148;emailee148@gmail.com;ᚫꛘ♕睯奤艝
149;EE149;emailee149@gmail.com;ᚫꛘ♕睯奤艝
150;EE150;emailee150@gmail.com;ᚫꛘ♕睯奤艝
151;EE151;emailee151@gmail.com;ᚫꛘ♕睯奤艝
152;EE152;emailee152@gmail.com;ᚫꛘ♕睯奤艝
153;EE153;emailee153@gmail.com;ᚫꛘ♕睯奤艝
154;EE154;emailee154@gmail.com;ᚫꛘ♕睯奤艝
155;EE155;emailee155@gmail.com;ᚫꛘ♕睯奤艝
156;EE156;emailee156@gmail.com;ᚫꛘ♕睯奤艝
157;EE157;emailee157@gmail.com;ᚫꛘ♕睯奤艝
158;EE158;emailee158@gmail.com;ᚫꛘ♕睯奤艝
159;EE159;emailee159@gmail.com;ᚫꛘ♕睯奤艝
160;EE160;emailee160@gmail.com;ᚫꛘ♕睯奤艝
161;EE161;emailee161@gmail.com;ᚫꛘ♕睯奤艝
162;EE162;emailee162@gmail.com;ᚫꛘ♕睯奤艝
163;EE163;emailee163@gmail.com;ᚫꛘ♕睯奤艝
164;EE164;emailee164@gmail.com;ᚫꛘ♕睯奤艝
165;EE165;emailee165@gmail.com;ᚫꛘ♕睯奤艝
166;EE166;emailee166@gmail.com;ᚫꛘ♕睯奤艝
167;EE167;emailee167@gmail.com;ᚫꛘ♕睯奤艝
168;EE168;emailee168@gmail.com;ᚫꛘ♕睯奤艝
169;EE169;emailee169@gmail.com;ᚫꛘ♕睯奤艝
170;EE170;emailee170@gmail.com;ᚫꛘ♕睯奤艝
171;EE171;emailee171@gmail.com;ᚫꛘ♕睯奤艝
172;EE172;emailee172@gmail.com;ᚫꛘ♕睯奤艝
173;EE173;emailee173@gmail.com;ᚫꛘ♕睯奤艝
174;EE174;emailee174@gmail.com;ᚫꛘ♕睯奤艝
175;EE175;emailee175@gmail.com;ᚫꛘ♕睯奤艝
176;EE176;emailee176@gmail.com;ᚫꛘ♕睯奤艝
177;EE177;emailee177@gmail.com;ᚫꛘ♕睯奤艝
178;EE178;emailee178@gmail.com;ᚫꛘ♕睯奤艝
179;EE179;emailee179@gmail.com;ᚫꛘ♕睯奤艝
180;EE180;emailee180@gmail.com;ᚫꛘ♕睯奤艝
181;EE181;emailee181@gmail.com;ᚫꛘ♕睯奤艝
182;EE182;emailee182@gmail.com;ᚫꛘ♕睯奤艝
183;EE183;emailee183@gmail.com;ᚫꛘ♕睯奤艝
184;EE184;emailee184@gmail.com;ᚫꛘ♕睯奤艝
185;EE185;emailee185@gmail.com;ᚫꛘ♕睯奤艝
186;EE186;emailee186@gmail.com;ᚫꛘ♕睯奤艝
187;EE187;emailee187@gmail.com;ᚫꛘ♕睯奤艝
188;EE188;emailee188@gmail.com;ᚫꛘ♕睯奤艝
189;EE189;emailee189@gmail.com;ᚫꛘ♕睯奤艝
190;EE190;emailee190@gmail.com;ᚫꛘ♕睯奤艝
191;EE191;emailee191@gmail.com;ᚫꛘ♕睯奤艝
192;EE192;emailee192@gmail.com;ᚫꛘ♕睯奤艝
193;EE193;emailee193@gmail.com;ᚫꛘ♕睯奤艝
194;EE194;emailee194@gmail.com;ᚫꛘ♕睯奤艝
195;EE195;emailee195@gmail.com;ᚫꛘ♕睯奤艝
196;EE196;emailee196@gmail.com;ᚫꛘ♕睯奤艝
197;EE197;emailee197@gmail.com;ᚫꛘ♕睯奤艝
198;EE198;emailee198@gmail.com;ᚫꛘ♕睯奤艝
199;EE199;emailee199@gmail.com;ᚫꛘ♕睯奤艝
200;EE200;emailee200@gmail.com;ᚫꛘ♕睯奤艝
201;EE201;emailee201@gmail.com;ᚫꛘ♕睯奤艝
202;EE202;emailee202@gmail.com;ᚫꛘ♕睯奤艝
203;EE203;emailee203@gmail.com;ᚫꛘ♕睯奤艝
204;EE204;emailee204@gmail.com;ᚫꛘ♕睯奤艝
205;EE205;emailee205@gmail.com;ᚫꛘ♕睯奤艝
206;EE206;emailee206@gmail.com;ᚫꛘ♕睯奤艝
207;EE207;emailee207@gmail.com;ᚫꛘ♕睯奤艝
208;EE208;emailee208@gmail.com;ᚫꛘ♕睯奤艝
209;EE209;emailee209@gmail.com;ᚫꛘ♕睯奤艝
210;EE210;emailee210@gmail.com;ᚫꛘ♕睯奤艝
211;EE211;emailee211@gmail.com;ᚫꛘ♕睯奤艝
212;EE212;emailee212@gmail.com;ᚫꛘ♕睯奤艝
213;EE213;emailee213@gmail.com;ᚫꛘ♕睯奤艝
214;EE214;emailee214@gmail.com;ᚫꛘ♕睯奤艝
215;EE215;emailee215@gmail.com;ᚫꛘ♕睯奤艝
216;EE216;emailee216@gmail.com;ᚫꛘ♕睯奤艝
217;EE217;emailee217@gmail.com;ᚫꛘ♕睯奤艝
218;EE218;emailee218@gmail.com;ᚫꛘ♕睯奤艝
219;EE219;emailee219@gmail.com;ᚫꛘ♕睯奤艝
220;EE220;emailee220@gmail.com;ᚫꛘ♕睯奤艝
221;EE221;emailee221@gmail.com;ᚫꛘ♕睯奤艝
222;EE222;emailee222@gmail.com;ᚫꛘ♕睯奤艝
223;EE223;emailee223@gmail.com;ᚫꛘ♕睯奤艝
224;EE224;emailee224@gmail.com;ᚫꛘ♕睯奤艝
225;EE225;emailee225@gmail.com;ᚫꛘ♕睯奤艝
226;EE226;emailee226@gmail.com;ᚫꛘ♕睯奤艝
227;EE227;emailee227@gmail.com;ᚫꛘ♕睯奤艝
228;EE228;emailee228@gmail.com;ᚫꛘ♕睯奤艝
229;EE229;emailee229@gmail.com;ᚫꛘ♕睯奤艝
230;EE230;emailee230@gmail.com;ᚫꛘ♕睯奤艝
231;EE231;emailee231@gmail.com;ᚫꛘ♕睯奤艝
232;EE232;emailee232@gmail.com;ᚫꛘ♕睯奤艝
233;EE233;emailee233@gmail.com;ᚫꛘ♕睯奤艝
234;EE234;emailee234@gmail.com;ᚫꛘ♕睯奤艝
235;EE235;emailee235@gmail.com;ᚫꛘ♕睯奤艝
236;EE236;emailee236@gmail.com;ᚫꛘ♕睯奤艝
237;EE237;emailee237@gmail.com;ᚫꛘ♕睯奤艝
238;EE238;emailee238@gmail.com;ᚫꛘ♕睯奤艝
239;EE239;emailee239@gmail.com;ᚫꛘ♕睯奤艝
240;EE240;emailee240@gmail.com;ᚫꛘ♕睯奤艝
241;EE241;emailee241@gmail.com;ᚫꛘ♕睯奤艝
242;EE242;emailee242@gmail.com;ᚫꛘ♕睯奤艝
243;EE243;emailee243@gmail.com;ᚫꛘ♕睯奤艝
244;EE244;emailee244@gmail.com;ᚫꛘ♕睯奤艝
245;EE245;emailee245@gmail.com;ᚫꛘ♕睯奤艝
246;EE246;emailee246@gmail.com;ᚫꛘ♕睯奤艝
247;EE247;emailee247@gmail.com;ᚫꛘ♕睯奤艝
248;EE248;emailee248@gmail.com;ᚫꛘ♕睯奤艝
249;EE249;emailee249@gmail.com;ᚫꛘ♕睯奤艝
250;EE250;emailee250@gmail.com;ᚫꛘ♕睯奤艝
251;EE251;emailee251@gmail.com;ᚫꛘ♕睯奤艝
252;EE252;emailee252@gmail.com;ᚫꛘ♕睯奤艝
253;EE253;emailee253@gmail.com;ᚫꛘ♕睯奤艝
254;EE254;emailee254@gmail.com;ᚫꛘ♕睯奤艝
255;EE255;emailee255@gmail.com;ᚫꛘ♕睯奤艝
256;EE256;emailee256@gmail.com;ᚫꛘ♕睯奤艝
257;EE257;emailee257@gmail.com;ᚫꛘ♕睯奤艝
258;EE258;emailee258@gmail.com;ᚫꛘ♕睯奤艝
259;EE259;emailee259@gmail.com;ᚫꛘ♕睯奤艝
260;EE260;emailee260@gmail.com;ᚫꛘ♕睯奤艝
261;EE261;emailee261@gmail.com;ᚫꛘ♕睯奤艝
262;EE262;emailee262@gmail.com;ᚫꛘ♕睯奤艝
263;EE263;emailee263@gmail.com;ᚫꛘ♕睯奤艝
264;EE264;emailee264@gmail.com;ᚫꛘ♕睯奤艝
265;EE265;emailee265@gmail.com;ᚫꛘ♕睯奤艝
266;EE266;emailee266@gmail.com;ᚫꛘ♕睯奤艝
267;EE267;emailee267@gmail.com;ᚫꛘ♕睯奤艝
268;EE268;emailee268@gmail.com;ᚫꛘ♕睯奤艝
269;EE269;emailee269@gmail.com;ᚫꛘ♕睯奤艝
270;EE270;emailee270@gmail.com;ᚫꛘ♕睯奤艝
271;EE271;emailee271@gmail.com;ᚫꛘ♕睯奤艝
272;EE272;emailee272@gmail.com;ᚫꛘ♕睯奤艝
273;EE273;emailee273@gmail.com;ᚫꛘ♕睯奤艝
274;EE274;emailee274@gmail.com;ᚫꛘ♕睯奤艝
275;EE275;emailee275@gmail.com;ᚫꛘ♕睯奤艝
276;EE276;emailee276@gmail.com;ᚫꛘ♕睯奤艝
277;EE277;emailee277@gmail.com;ᚫꛘ♕睯奤艝
278;EE278;emailee278@gmail.com;ᚫꛘ♕睯奤艝
279;EE279;emailee279@gmail.com;ᚫꛘ♕睯奤艝
280;EE280;emailee280@gmail.com;ᚫꛘ♕睯奤艝
281;EE281;emailee281@gmail.com;ᚫꛘ♕睯奤艝
282;EE282;emailee282@gmail.com;ᚫꛘ♕睯奤艝
283;EE283;emailee283@gmail.com;ᚫꛘ♕睯奤艝
284;EE284;emailee284@gmail.com;ᚫꛘ♕睯奤艝
285;EE285;emailee285@gmail.com;ᚫꛘ♕睯奤艝
286;EE286;emailee286@gmail.com;ᚫꛘ♕睯奤艝
287;EE287;emailee287@gmail.com;ᚫꛘ♕睯奤艝
288;EE288;emailee288@gmail.com;ᚫꛘ♕睯奤艝
289;EE289;emailee289@gmail.com;ᚫꛘ♕睯奤艝
290;EE290;emailee290@gmail.com;ᚫꛘ♕睯奤艝
291;EE291;emailee291@gmail.com;ᚫꛘ♕睯奤艝
292;EE292;emailee292@gmail.com;ᚫꛘ♕睯奤艝
293;EE293;emailee293@gmail.com;ᚫꛘ♕睯奤艝
294;EE294;emailee294@gmail.com;ᚫꛘ♕睯奤艝
295;EE295;emailee295@gmail.com;ᚫꛘ♕睯奤艝
296;EE296;emailee296@gmail.com;ᚫꛘ♕睯奤艝
297;EE297;emailee297@gmail.com;ᚫꛘ♕睯奤艝
298;EE298;emailee298@gmail.com;ᚫꛘ♕睯奤艝
299;EE299;emailee299@gmail.com;ᚫꛘ♕睯奤艝
300;EE300;emailee300@gmail.com;ᚫꛘ♕睯奤艝
301;EE301;emailee301@gmail.com;ᚫꛘ♕睯奤艝
302;EE302;emailee302@gmail.com;ᚫꛘ♕睯奤艝
303;EE303;emailee303@gmail.com;ᚫꛘ♕睯奤艝
304;EE304;emailee304@gmail.com;ᚫꛘ♕睯奤艝
305;EE305;emailee305@gmail.com;ᚫꛘ♕睯奤艝
306;EE306;emailee306@gmail.com;ᚫꛘ♕睯奤艝
307;EE307;emailee307@gmail.com;ᚫꛘ♕睯奤艝
308;EE308;emailee308@gmail.com;ᚫꛘ♕睯奤艝
309;EE309;emailee309@gmail.com;ᚫꛘ♕睯奤艝
310;EE310;emailee310@gmail.com;ᚫꛘ♕睯奤艝
311;EE311;emailee311@gmail.com;ᚫꛘ♕睯奤艝
312;EE312;emailee312@gmail.com;ᚫꛘ♕睯奤艝
313;EE313;emailee313@gmail.com;ᚫꛘ♕睯奤艝
314;EE314;emailee314@gmail.com;ᚫꛘ♕睯奤艝
315;EE315;emailee315@gmail.com;ᚫꛘ♕睯奤艝
316;EE316;emailee316@gmail.com;ᚫꛘ♕睯奤艝
317;EE317;emailee317@gmail.com;ᚫꛘ♕睯奤艝
318;EE318;emailee318@gmail.com;ᚫꛘ♕睯奤艝
319;EE319;emailee319@gmail.com;ᚫꛘ♕睯奤艝
320;EE320;emailee320@gmail.com;ᚫꛘ♕睯奤艝
321;EE321;emailee321@gmail.com;ᚫꛘ♕睯奤艝
322;EE322;emailee322@gmail.com;ᚫꛘ♕睯奤艝
323;EE323;emailee323@gmail.com;ᚫꛘ♕睯奤艝
324;EE324;emailee324@gmail.com;ᚫꛘ♕睯奤艝
325;EE325;emailee325@gmail.com;ᚫꛘ♕睯奤艝
326;EE326;emailee326@gmail.com;ᚫꛘ♕睯奤艝
327;EE327;emailee327@gmail.com;ᚫꛘ♕睯奤艝
328;EE328;emailee328@gmail.com;ᚫꛘ♕睯奤艝
329;EE329;emailee329@gmail.com;ᚫꛘ♕睯奤艝
330;EE330;emailee330@gmail.com;ᚫꛘ♕睯奤艝
331;EE331;emailee331@gmail.com;ᚫꛘ♕睯奤艝
332;EE332;emailee332@gmail.com;ᚫꛘ♕睯奤艝
333;EE333;emailee333@gmail.com;ᚫꛘ♕睯奤艝
334;EE334;emailee334@gmail.com;ᚫꛘ♕睯奤艝
335;EE335;emailee335@gmail.com;ᚫꛘ♕睯奤艝
336;EE336;emailee336@gmail.com;ᚫꛘ♕睯奤艝
337;EE337;emailee337@gmail.com;ᚫꛘ♕睯奤艝
338;EE338;emailee338@gmail.com;ᚫꛘ♕睯奤艝
339;EE339;emailee339@gmail.com;ᚫꛘ♕睯奤艝
340;EE340;emailee340@gmail.com;ᚫꛘ♕睯奤艝
341;EE341;emailee341@gmail.com;ᚫꛘ♕睯奤艝
342;EE342;emailee342@gmail.com;ᚫꛘ♕睯奤艝
343;EE343;emailee343@gmail.com;ᚫꛘ♕睯奤艝
344;EE344;emailee344@gmail.com;ᚫꛘ♕睯奤艝
345;EE345;emailee345@gmail.com;ᚫꛘ♕睯奤艝
346;EE346;emailee346@gmail.com;ᚫꛘ♕睯奤艝
347;EE347;emailee347@gmail.com;ᚫꛘ♕睯奤艝
348;EE348;emailee348@gmail.com;ᚫꛘ♕睯奤艝
349;EE349;emailee349@gmail.com;ᚫꛘ♕睯奤艝
350;EE350;emailee350@gmail.com;ᚫꛘ♕睯奤艝
351;EE351;emailee351@gmail.com;ᚫꛘ♕睯奤艝
352;EE352;emailee352@gmail.com;ᚫꛘ♕睯奤艝
353;EE353;emailee353@gmail.com;ᚫꛘ♕睯奤艝
354;EE354;emailee354@gmail.com;ᚫꛘ♕睯奤艝
355;EE355;emailee355@gmail.com;ᚫꛘ♕睯奤艝
356;EE356;emailee356@gmail.com;ᚫꛘ♕睯奤艝
357;EE357;emailee357@gmail.com;ᚫꛘ♕睯奤艝
358;EE358;emailee358@gmail.com;ᚫꛘ♕睯奤艝
359;EE359;emailee359@gmail.com;ᚫꛘ♕睯奤艝
360;EE360;emailee360@gmail.com;ᚫꛘ♕睯奤艝
361;EE361;emailee361@gmail.com;ᚫꛘ♕睯奤艝
362;EE362;emailee362@gmail.com;ᚫꛘ♕睯奤艝
363;EE363;emailee363@gmail.com;ᚫꛘ♕睯奤艝
364;EE364;emailee364@gmail.com;ᚫꛘ♕睯奤艝
365;EE365;emailee365@gmail.com;ᚫꛘ♕睯奤艝
366;EE366;emailee366@gmail.com;ᚫꛘ♕睯奤艝
367;EE367;emailee367@gmail.com;ᚫꛘ♕睯奤艝
368;EE368;emailee368@gmail.com;ᚫꛘ♕睯奤艝
369;EE369;emailee369@gmail.com;ᚫꛘ♕睯奤艝
370;EE370;emailee370@gmail.com;ᚫꛘ♕睯奤艝
371;EE371;emailee371@gmail.com;ᚫꛘ♕睯奤艝
372;EE372;emailee372@gmail.com;ᚫꛘ♕睯奤艝
373;EE373;emailee373@gmail.com;ᚫꛘ♕睯奤艝
374;EE374;emailee374@gmail.com;ᚫꛘ♕睯奤艝
375;EE375;emailee375@gmail.com;ᚫꛘ♕睯奤艝
376;EE376;emailee376@gmail.com;ᚫꛘ♕睯奤艝
377;EE377;emailee377@gmail.com;ᚫꛘ♕睯奤艝
378;EE378;emailee378@gmail.com;ᚫꛘ♕睯奤艝
379;EE379;emailee379@gmail.com;ᚫꛘ♕睯奤艝
380;EE380;emailee380@gmail.com;ᚫꛘ♕睯奤艝
381;EE381;emailee381@gmail.com;ᚫꛘ♕睯奤艝
382;EE382;emailee382@gmail.com;ᚫꛘ♕睯奤艝
383;EE383;emailee383@gmail.com;ᚫꛘ♕睯奤艝
384;EE384;emailee384@gmail.com;ᚫꛘ♕睯奤艝
385;EE385;emailee385@gmail.com;ᚫꛘ♕睯奤艝
386;EE386;emailee386@gmail.com;ᚫꛘ♕睯奤艝
387;EE387;emailee387@gmail.com;ᚫꛘ♕睯奤艝
388;EE388;emailee388@gmail.com;ᚫꛘ♕睯奤艝
389;EE389;emailee389@gmail.com;ᚫꛘ♕睯奤艝
390;EE390;emailee390@gmail.com;ᚫꛘ♕睯奤艝
391;EE391;emailee391@gmail.com;ᚫꛘ♕睯奤艝
392;EE392;emailee392@gmail.com;ᚫꛘ♕睯奤艝
393;EE393;emailee393@gmail.com;ᚫꛘ♕睯奤艝
394;EE394;emailee394@gmail.com;ᚫꛘ♕睯奤艝
395;EE395;emailee395@gmail.com;ᚫꛘ♕睯奤艝
396;EE396;emailee396@gmail.com;ᚫꛘ♕睯奤艝
397;EE397;emailee397@gmail.com;ᚫꛘ♕睯奤艝
398;EE398;emailee398@gmail.com;ᚫꛘ♕睯奤艝
399;EE399;emailee399@gmail.com;ᚫꛘ♕睯奤艝
400;EE400;emailee400@gmail.com;ᚫꛘ♕睯奤艝
401;EE401;emailee401@gmail.com;ᚫꛘ♕睯奤艝
402;EE402;emailee402@gmail.com;ᚫꛘ♕睯奤艝
403;EE403;emailee403@gmail.com;ᚫꛘ♕睯奤艝
404;EE404;emailee404@gmail.com;ᚫꛘ♕睯奤艝
405;EE405;emailee405@gmail.com;ᚫꛘ♕睯奤艝
406;EE406;emailee406@gmail.com;ᚫꛘ♕睯奤艝
407;EE407;emailee407@gmail.com;ᚫꛘ♕睯奤艝
408;EE408;emailee408@gmail.com;ᚫꛘ♕睯奤艝
409;EE409;emailee409@gmail.com;ᚫꛘ♕睯奤艝
410;EE410;emailee410@gmail.com;ᚫꛘ♕睯奤艝
411;EE411;emailee411@gmail.com;ᚫꛘ♕睯奤艝
412;EE412;emailee412@gmail.com;ᚫꛘ♕睯奤艝
413;EE413;emailee413@gmail.com;ᚫꛘ♕睯奤艝
414;EE414;emailee414@gmail.com;ᚫꛘ♕睯奤艝
415;EE415;emailee415@gmail.com;ᚫꛘ♕睯奤艝
416;EE416;emailee416@gmail.com;ᚫꛘ♕睯奤艝
417;EE417;emailee417@gmail.com;ᚫꛘ♕睯奤艝
418;EE418;emailee418@gmail.com;ᚫꛘ♕睯奤艝
419;EE419;emailee419@gmail.com;ᚫꛘ♕睯奤艝
420;EE420;emailee420@gmail.com;ᚫꛘ♕睯奤艝
421;EE421;emailee421@gmail.com;ᚫꛘ♕睯奤艝
422;EE422;emailee422@gmail.com;ᚫꛘ♕睯奤艝
423;EE423;emailee423@gmail.com;ᚫꛘ♕睯奤艝
424;EE424;emailee424@gmail.com;ᚫꛘ♕睯奤艝
425;EE425;emailee425@gmail.com;ᚫꛘ♕睯奤艝
426;EE426;emailee426@gmail.com;ᚫꛘ♕睯奤艝
427;EE427;emailee427@gmail.com;ᚫꛘ♕睯奤艝
428;EE428;emailee428@gmail.com;ᚫꛘ♕睯奤艝
429;EE429;emailee429@gmail.com;ᚫꛘ♕睯奤艝
430;EE430;emailee430@gmail.com;ᚫꛘ♕睯奤艝
431;EE431;emailee431@gmail.com;ᚫꛘ♕睯奤艝
432;EE432;emailee432@gmail.com;ᚫꛘ♕睯奤艝
433;EE433;emailee433@gmail.com;ᚫꛘ♕睯奤艝
434;EE434;emailee434@gmail.com;ᚫꛘ♕睯奤艝
435;EE435;emailee435@gmail.com;ᚫꛘ♕睯奤艝
436;EE436;emailee436@gmail.com;ᚫꛘ♕睯奤艝
437;EE437;emailee437@gmail.com;ᚫꛘ♕睯奤艝
438;EE438;emailee438@gmail.com;ᚫꛘ♕睯奤艝
439;EE439;emailee439@gmail.com;ᚫꛘ♕睯奤艝
440;EE440;emailee440@gmail.com;ᚫꛘ♕睯奤艝
441;EE441;emailee441@gmail.com;ᚫꛘ♕睯奤艝
442;EE442;emailee442@gmail.com;ᚫꛘ♕睯奤艝
443;EE443;emailee443@gmail.com;ᚫꛘ♕睯奤艝
444;EE444;emailee444@gmail.com;ᚫꛘ♕睯奤艝
445;EE445;emailee445@gmail.com;ᚫꛘ♕睯奤艝
446;EE446;emailee446@gmail.com;ᚫꛘ♕睯奤艝
447;EE447;emailee447@gmail.com;ᚫꛘ♕睯奤艝
448;EE448;emailee448@gmail.com;ᚫꛘ♕睯奤艝
449;EE449;emailee449@gmail.com;ᚫꛘ♕睯奤艝
450;EE450;emailee450@gmail.com;ᚫꛘ♕睯奤艝
451;EE451;emailee451@gmail.com;ᚫꛘ♕睯奤艝
452;EE452;emailee452@gmail.com;ᚫꛘ♕睯奤艝
453;EE453;emailee453@gmail.com;ᚫꛘ♕睯奤艝
454;EE454;emailee454@gmail.com;ᚫꛘ♕睯奤艝
455;EE455;emailee455@gmail.com;ᚫꛘ♕睯奤艝
456;EE456;emailee456@gmail.com;ᚫꛘ♕睯奤艝
457;EE457;emailee457@gmail.com;ᚫꛘ♕睯奤艝
458;EE458;emailee458@gmail.com;ᚫꛘ♕睯奤艝
459;EE459;emailee459@gmail.com;ᚫꛘ♕睯奤艝
460;EE460;emailee460@gmail.com;ᚫꛘ♕睯奤艝
461;EE461;emailee461@gmail.com;ᚫꛘ♕睯奤艝
462;EE462;emailee462@gmail.com;ᚫꛘ♕睯奤艝
463;EE463;emailee463@gmail.com;ᚫꛘ♕睯奤艝
464;EE464;emailee464@gmail.com;ᚫꛘ♕睯奤艝
465;EE465;emailee465@gmail.com;ᚫꛘ♕睯奤艝
466;EE466;emailee466@gmail.com;ᚫꛘ♕睯奤艝
467;EE467;emailee467@gmail.com;ᚫꛘ♕睯奤艝
468;EE468;emailee468@gmail.com;ᚫꛘ♕睯奤艝
469;EE469;emailee469@gmail.com;ᚫꛘ♕睯奤艝
470;EE470;emailee470@gmail.com;ᚫꛘ♕睯奤艝
471;EE471;emailee471@gmail.com;ᚫꛘ♕睯奤艝
472;EE472;emailee472@gmail.com;ᚫꛘ♕睯奤艝
473;EE473;emailee473@gmail.com;ᚫꛘ♕睯奤艝
474;EE474;emailee474@gmail.com;ᚫꛘ♕睯奤艝
475;EE475;emailee475@gmail.com;ᚫꛘ♕睯奤艝
476;EE476;emailee476@gmail.com;ᚫꛘ♕睯奤艝
477;EE477;emailee477@gmail.com;ᚫꛘ♕睯奤艝
478;EE478;emailee478@gmail.com;ᚫꛘ♕睯奤艝
479;EE479;emailee479@gmail.com;ᚫꛘ♕睯奤艝
480;EE480;emailee480@gmail.com;ᚫꛘ♕睯奤艝
481;EE481;emailee481@gmail.com;ᚫꛘ♕睯奤艝
482;EE482;emailee482@gmail.com;ᚫꛘ♕睯奤艝
483;EE483;emailee483@gmail.com;ᚫꛘ♕睯奤艝
484;EE484;emailee484@gmail.com;ᚫꛘ♕睯奤艝
485;EE485;emailee485@gmail.com;ᚫꛘ♕睯奤艝
486;EE486;emailee486@gmail.com;ᚫꛘ♕睯奤艝
487;EE487;emailee487@gmail.com;ᚫꛘ♕睯奤艝
488;EE488;emailee488@gmail.com;ᚫꛘ♕睯奤艝
489;EE489;emailee489@gmail.com;ᚫꛘ♕睯奤艝
490;EE490;emailee490@gmail.com;ᚫꛘ♕睯奤艝
491;EE491;emailee491@gmail.com;ᚫꛘ♕睯奤艝
492;EE492;emailee492@gmail.com;ᚫꛘ♕睯奤艝
493;EE493;emailee493@gmail.com;ᚫꛘ♕睯奤艝
494;EE494;emailee494@gmail.com;ᚫꛘ♕睯奤艝
495;EE495;emailee495@gmail.com;ᚫꛘ♕睯奤艝
496;EE496;emailee496@gmail.com;ᚫꛘ♕睯奤艝
497;EE497;emailee497@gmail.com;ᚫꛘ♕睯奤艝
498;EE498;emailee498@gmail.com;ᚫꛘ♕睯奤艝
499;EE499;emailee499@gmail.com;ᚫꛘ♕睯奤艝
500;EE500;emailee500@gmail.com;ᚫꛘ♕睯奤艝
501;EE501;emailee501@gmail.com;ᚫꛘ♕睯奤艝
502;EE502;emailee502@gmail.com;ᚫꛘ♕睯奤艝
503;EE503;emailee503@gmail.com;ᚫꛘ♕睯奤艝
504;EE504;emailee504@gmail.com;ᚫꛘ♕睯奤艝
505;EE505;emailee505@gmail.com;ᚫꛘ♕睯奤艝
506;EE506;emailee506@gmail.com;ᚫꛘ♕睯奤艝
507;EE507;emailee507@gmail.com;ᚫꛘ♕睯奤艝
508;EE508;emailee508@gmail.com;ᚫꛘ♕睯奤艝
509;EE509;emailee509@gmail.com;ᚫꛘ♕睯奤艝
510;EE510;emailee510@gmail.com;ᚫꛘ♕睯奤艝
511;EE511;emailee511@gmail.com;ᚫꛘ♕睯奤艝
512;EE512;emailee512@gmail.com;ᚫꛘ♕睯奤艝
513;EE513;emailee513@gmail.com;ᚫꛘ♕睯奤艝
514;EE514;emailee514@gmail.com;ᚫꛘ♕睯奤艝
515;EE515;emailee515@gmail.com;ᚫꛘ♕睯奤艝
516;EE516;emailee516@gmail.com;ᚫꛘ♕睯奤艝
517;EE517;emailee517@gmail.com;ᚫꛘ♕睯奤艝
518;EE518;emailee518@gmail.com;ᚫꛘ♕睯奤艝
519;EE519;emailee519@gmail.com;ᚫꛘ♕睯奤艝
520;EE520;emailee520@gmail.com;ᚫꛘ♕睯奤艝
521;EE521;emailee521@gmail.com;ᚫꛘ♕睯奤艝
522;EE522;emailee522@gmail.com;ᚫꛘ♕睯奤艝
523;EE523;emailee523@gmail.com;ᚫꛘ♕睯奤艝
524;EE524;emailee524@gmail.com;ᚫꛘ♕睯奤艝
525;EE525;emailee525@gmail.com;ᚫꛘ♕睯奤艝
526;EE526;emailee526@gmail.com;ᚫꛘ♕睯奤艝
527;EE527;emailee527@gmail.com;ᚫꛘ♕睯奤艝
528;EE528;emailee528@gmail.com;ᚫꛘ♕睯奤艝
529;EE529;emailee529@gmail.com;ᚫꛘ♕睯奤艝
530;EE530;emailee530@gmail.com;ᚫꛘ♕睯奤艝
531;EE531;emailee531@gmail.com;ᚫꛘ♕睯奤艝
532;EE532;emailee532@gmail.com;ᚫꛘ♕睯奤艝
533;EE533;emailee533@gmail.com;ᚫꛘ♕睯奤艝
534;EE534;emailee534@gmail.com;ᚫꛘ♕睯奤艝
535;EE535;emailee535@gmail.com;ᚫꛘ♕睯奤艝
536;EE536;emailee536@gmail.com;ᚫꛘ♕睯奤艝
537;EE537;emailee537@gmail.com;ᚫꛘ♕睯奤艝
538;EE538;emailee538@gmail.com;ᚫꛘ♕睯奤艝
539;EE539;emailee539@gmail.com;ᚫꛘ♕睯奤艝
540;EE540;emailee540@gmail.com;ᚫꛘ♕睯奤艝
541;EE541;emailee541@gmail.com;ᚫꛘ♕睯奤艝
542;EE542;emailee542@gmail.com;ᚫꛘ♕睯奤艝
543;EE543;emailee543@gmail.com;ᚫꛘ♕睯奤艝
544;EE544;emailee544@gmail.com;ᚫꛘ♕睯奤艝
545;EE545;emailee545@gmail.com;ᚫꛘ♕睯奤艝
546;EE546;emailee546@gmail.com;ᚫꛘ♕睯奤艝
547;EE547;emailee547@gmail.com;ᚫꛘ♕睯奤艝
548;EE548;emailee548@gmail.com;ᚫꛘ♕睯奤艝
549;EE549;emailee549@gmail.com;ᚫꛘ♕睯奤艝
550;EE550;emailee550@gmail.com;ᚫꛘ♕睯奤艝
551;EE551;emailee551@gmail.com;ᚫꛘ♕睯奤艝
552;EE552;emailee552@gmail.com;ᚫꛘ♕睯奤艝
553;EE553;emailee553@gmail.com;ᚫꛘ♕睯奤艝
554;EE554;emailee554@gmail.com;ᚫꛘ♕睯奤艝
555;EE555;emailee555@gmail.com;ᚫꛘ♕睯奤艝
556;EE556;emailee556@gmail.com;ᚫꛘ♕睯奤艝
557;EE557;emailee557@gmail.com;ᚫꛘ♕睯奤艝
558;EE558;emailee558@gmail.com;ᚫꛘ♕睯奤艝
559;EE559;emailee559@gmail.com;ᚫꛘ♕睯奤艝
560;EE560;emailee560@gmail.com;ᚫꛘ♕睯奤艝
561;EE561;emailee561@gmail.com;ᚫꛘ♕睯奤艝
562;EE562;emailee562@gmail.com;ᚫꛘ♕睯奤艝
563;EE563;emailee563@gmail.com;ᚫꛘ♕睯奤艝
564;EE564;emailee564@gmail.com;ᚫꛘ♕睯奤艝
565;EE565;emailee565@gmail.com;ᚫꛘ♕睯奤艝
566;EE566;emailee566@gmail.com;ᚫꛘ♕睯奤艝
567;EE567;emailee567@gmail.com;ᚫꛘ♕睯奤艝
568;EE568;emailee568@gmail.com;ᚫꛘ♕睯奤艝
569;EE569;emailee569@gmail.com;ᚫꛘ♕睯奤艝
570;EE570;emailee570@gmail.com;ᚫꛘ♕睯奤艝
571;EE571;emailee571@gmail.com;ᚫꛘ♕睯奤艝
572;EE572;emailee572@gmail.com;ᚫꛘ♕睯奤艝
573;EE573;emailee573@gmail.com;ᚫꛘ♕睯奤艝
574;EE574;emailee574@gmail.com;ᚫꛘ♕睯奤艝
575;EE575;emailee575@gmail.com;ᚫꛘ♕睯奤艝
576;EE576;emailee576@gmail.com;ᚫꛘ♕睯奤艝
577;EE577;emailee577@gmail.com;ᚫꛘ♕睯奤艝
578;EE578;emailee578@gmail.com;ᚫꛘ♕睯奤艝
579;EE579;emailee579@gmail.com;ᚫꛘ♕睯奤艝
580;EE580;emailee580@gmail.com;ᚫꛘ♕睯奤艝
581;EE581;emailee581@gmail.com;ᚫꛘ♕睯奤艝
582;EE582;emailee582@gmail.com;ᚫꛘ♕睯奤艝
583;EE583;emailee583@gmail.com;ᚫꛘ♕睯奤艝
584;EE584;emailee584@gmail.com;ᚫꛘ♕睯奤艝
585;EE585;emailee585@gmail.com;ᚫꛘ♕睯奤艝
586;EE586;emailee586@gmail.com;ᚫꛘ♕睯奤艝
587;EE587;emailee587@gmail.com;ᚫꛘ♕睯奤艝
588;EE588;emailee588@gmail.com;ᚫꛘ♕睯奤艝
589;EE589;emailee589@gmail.com;ᚫꛘ♕睯奤艝
590;EE590;emailee590@gmail.com;ᚫꛘ♕睯奤艝
591;EE591;emailee591@gmail.com;ᚫꛘ♕睯奤艝
592;EE592;emailee592@gmail.com;ᚫꛘ♕睯奤艝
593;EE593;emailee593@gmail.com;ᚫꛘ♕睯奤艝
594;EE594;emailee594@gmail.com;ᚫꛘ♕睯奤艝
595;EE595;emailee595@gmail.com;ᚫꛘ♕睯奤艝
596;EE596;emailee596@gmail.com;ᚫꛘ♕睯奤艝
597;EE597;emailee597@gmail.com;ᚫꛘ♕睯奤艝
598;EE598;emailee598@gmail.com;ᚫꛘ♕睯奤艝
599;EE599;emailee599@gmail.com;ᚫꛘ♕睯奤艝
600;EE600;emailee600@gmail.com;ᚫꛘ♕睯奤艝
601;EE601;emailee601@gmail.com;ᚫꛘ♕睯奤艝
602;EE602;emailee602@gmail.com;ᚫꛘ♕睯奤艝
603;EE603;emailee603@gmail.com;ᚫꛘ♕睯奤艝
604;EE604;emailee604@gmail.com;ᚫꛘ♕睯奤艝
605;EE605;emailee605@gmail.com;ᚫꛘ♕睯奤艝
606;EE606;emailee606@gmail.com;ᚫꛘ♕睯奤艝
607;EE607;emailee607@gmail.com;ᚫꛘ♕睯奤艝
608;EE608;emailee608@gmail.com;ᚫꛘ♕睯奤艝
609;EE609;emailee609@gmail.com;ᚫꛘ♕睯奤艝
610;EE610;emailee610@gmail.com;ᚫꛘ♕睯奤艝
611;EE611;emailee611@gmail.com;ᚫꛘ♕睯奤艝
612;EE612;emailee612@gmail.com;ᚫꛘ♕睯奤艝
613;EE613;emailee613@gmail.com;ᚫꛘ♕睯奤艝
614;EE614;emailee614@gmail.com;ᚫꛘ♕睯奤艝
615;EE615;emailee615@gmail.com;ᚫꛘ♕睯奤艝
616;EE616;emailee616@gmail.com;ᚫꛘ♕睯奤艝
617;EE617;emailee617@gmail.com;ᚫꛘ♕睯奤艝
618;EE618;emailee618@gmail.com;ᚫꛘ♕睯奤艝
619;EE619;emailee619@gmail.com;ᚫꛘ♕睯奤艝
620;EE620;emailee620@gmail.com;ᚫꛘ♕睯奤艝
621;EE621;emailee621@gmail.com;ᚫꛘ♕睯奤艝
622;EE622;emailee622@gmail.com;ᚫꛘ♕睯奤艝
623;EE623;emailee623@gmail.com;ᚫꛘ♕睯奤艝
624;EE624;emailee624@gmail.com;ᚫꛘ♕睯奤艝
625;EE625;emailee625@gmail.com;ᚫꛘ♕睯奤艝
626;EE626;emailee626@gmail.com;ᚫꛘ♕睯奤艝
627;EE627;emailee627@gmail.com;ᚫꛘ♕睯奤艝
628;EE628;emailee628@gmail.com;ᚫꛘ♕睯奤艝
629;EE629;emailee629@gmail.com;ᚫꛘ♕睯奤艝
630;EE630;emailee630@gmail.com;ᚫꛘ♕睯奤艝
631;EE631;emailee631@gmail.com;ᚫꛘ♕睯奤艝
632;EE632;emailee632@gmail.com;ᚫꛘ♕睯奤艝
633;EE633;emailee633@gmail.com;ᚫꛘ♕睯奤艝
634;EE634;emailee634@gmail.com;ᚫꛘ♕睯奤艝
635;EE635;emailee635@gmail.com;ᚫꛘ♕睯奤艝
636;EE636;emailee636@gmail.com;ᚫꛘ♕睯奤艝
637;EE637;emailee637@gmail.com;ᚫꛘ♕睯奤艝
638;EE638;emailee638@gmail.com;ᚫꛘ♕睯奤艝
639;EE639;emailee639@gmail.com;ᚫꛘ♕睯奤艝
640;EE640;emailee640@gmail.com;ᚫꛘ♕睯奤艝
641;EE641;emailee641@gmail.com;ᚫꛘ♕睯奤艝
642;EE642;emailee642@gmail.com;ᚫꛘ♕睯奤艝
643;EE643;emailee643@gmail.com;ᚫꛘ♕睯奤艝
644;EE644;emailee644@gmail.com;ᚫꛘ♕睯奤艝
645;EE645;emailee645@gmail.com;ᚫꛘ♕睯奤艝
646;EE646;emailee646@gmail.com;ᚫꛘ♕睯奤艝
647;EE647;emailee647@gmail.com;ᚫꛘ♕睯奤艝
648;EE648;emailee648@gmail.com;ᚫꛘ♕睯奤艝
649;EE649;emailee649@gmail.com;ᚫꛘ♕睯奤艝
650;EE650;emailee650@gmail.com;ᚫꛘ♕睯奤艝
651;EE651;emailee651@gmail.com;ᚫꛘ♕睯奤艝
652;EE652;emailee652@gmail.com;ᚫꛘ♕睯奤艝
653;EE653;emailee653@gmail.com;ᚫꛘ♕睯奤艝
654;EE654;emailee654@gmail.com;ᚫꛘ♕睯奤艝
655;EE655;emailee655@gmail.com;ᚫꛘ♕睯奤艝
656;EE656;emailee656@gmail.com;ᚫꛘ♕睯奤艝
657;EE657;emailee657@gmail.com;ᚫꛘ♕睯奤艝
658;EE658;emailee658@gmail.com;ᚫꛘ♕睯奤艝
659;EE659;emailee659@gmail.com;ᚫꛘ♕睯奤艝
660;EE660;emailee660@gmail.com;ᚫꛘ♕睯奤艝
661;EE661;emailee661@gmail.com;ᚫꛘ♕睯奤艝
662;EE662;emailee662@gmail.com;ᚫꛘ♕睯奤艝
663;EE663;emailee663@gmail.com;ᚫꛘ♕睯奤艝
664;EE664;emailee664@gmail.com;ᚫꛘ♕睯奤艝
665;EE665;emailee665@gmail.com;ᚫꛘ♕睯奤艝
666;EE666;emailee666@gmail.com;ᚫꛘ♕睯奤艝
667;EE667;emailee667@gmail.com;ᚫꛘ♕睯奤艝
668;EE668;emailee668@gmail.com;ᚫꛘ♕睯奤艝
669;EE669;emailee669@gmail.com;ᚫꛘ♕睯奤艝
670;EE670;emailee670@gmail.com;ᚫꛘ♕睯奤艝
671;EE671;emailee671@gmail.com;ᚫꛘ♕睯奤艝
672;EE672;emailee672@gmail.com;ᚫꛘ♕睯奤艝
673;EE673;emailee673@gmail.com;ᚫꛘ♕睯奤艝
674;EE674;emailee674@gmail.com;ᚫꛘ♕睯奤艝
675;EE675;emailee675@gmail.com;ᚫꛘ♕睯奤艝
676;EE676;emailee676@gmail.com;ᚫꛘ♕睯奤艝
677;EE677;emailee677@gmail.com;ᚫꛘ♕睯奤艝
678;EE678;emailee678@gmail.com;ᚫꛘ♕睯奤艝
679;EE679;emailee679@gmail.com;ᚫꛘ♕睯奤艝
680;EE680;emailee680@gmail.com;ᚫꛘ♕睯奤艝
681;EE681;emailee681@gmail.com;ᚫꛘ♕睯奤艝
682;EE682;emailee682@gmail.com;ᚫꛘ♕睯奤艝
683;EE683;emailee683@gmail.com;ᚫꛘ♕睯奤艝
684;EE684;emailee684@gmail.com;ᚫꛘ♕睯奤艝
685;EE685;emailee685@gmail.com;ᚫꛘ♕睯奤艝
686;EE686;emailee686@gmail.com;ᚫꛘ♕睯奤艝
687;EE687;emailee687@gmail.com;ᚫꛘ♕睯奤艝
688;EE688;emailee688@gmail.com;ᚫꛘ♕睯奤艝
689;EE689;emailee689@gmail.com;ᚫꛘ♕睯奤艝
690;EE690;emailee690@gmail.com;ᚫꛘ♕睯奤艝
691;EE691;emailee691@gmail.com;ᚫꛘ♕睯奤艝
692;EE692;emailee692@gmail.com;ᚫꛘ♕睯奤艝
693;EE693;emailee693@gmail.com;ᚫꛘ♕睯奤艝
694;EE694;emailee694@gmail.com;ᚫꛘ♕睯奤艝
695;EE695;emailee695@gmail.com;ᚫꛘ♕睯奤艝
696;EE696;emailee696@gmail.com;ᚫꛘ♕睯奤艝
697;EE697;emailee697@gmail.com;ᚫꛘ♕睯奤艝
698;EE698;emailee698@gmail.com;ᚫꛘ♕睯奤艝
699;EE699;emailee699@gmail.com;ᚫꛘ♕睯奤艝
700;EE700;emailee700@gmail.com;ᚫꛘ♕睯奤艝
701;EE701;emailee701@gmail.com;ᚫꛘ♕睯奤艝
702;EE702;emailee702@gmail.com;ᚫꛘ♕睯奤艝
703;EE703;emailee703@gmail.com;ᚫꛘ♕睯奤艝
704;EE704;emailee704@gmail.com;ᚫꛘ♕睯奤艝
705;EE705;emailee705@gmail.com;ᚫꛘ♕睯奤艝
706;EE706;emailee706@gmail.com;ᚫꛘ♕睯奤艝
707;EE707;emailee707@gmail.com;ᚫꛘ♕睯奤艝
708;EE708;emailee708@gmail.com;ᚫꛘ♕睯奤艝
709;EE709;emailee709@gmail.com;ᚫꛘ♕睯奤艝
710;EE710;emailee710@gmail.com;ᚫꛘ♕睯奤艝
711;EE711;emailee711@gmail.com;ᚫꛘ♕睯奤艝
712;EE712;emailee712@gmail.com;ᚫꛘ♕睯奤艝
713;EE713;emailee713@gmail.com;ᚫꛘ♕睯奤艝
714;EE714;emailee714@gmail.com;ᚫꛘ♕睯奤艝
715;EE715;emailee715@gmail.com;ᚫꛘ♕睯奤艝
716;EE716;emailee716@gmail.com;ᚫꛘ♕睯奤艝
717;EE717;emailee717@gmail.com;ᚫꛘ♕睯奤艝
718;EE718;emailee718@gmail.com;ᚫꛘ♕睯奤艝
719;EE719;emailee719@gmail.com;ᚫꛘ♕睯奤艝
720;EE720;emailee720@gmail.com;ᚫꛘ♕睯奤艝
721;EE721;emailee721@gmail.com;ᚫꛘ♕睯奤艝
722;EE722;emailee722@gmail.com;ᚫꛘ♕睯奤艝
723;EE723;emailee723@gmail.com;ᚫꛘ♕睯奤艝
724;EE724;emailee724@gmail.com;ᚫꛘ♕睯奤艝
725;EE725;emailee725@gmail.com;ᚫꛘ♕睯奤艝
726;EE726;emailee726@gmail.com;ᚫꛘ♕睯奤艝
727;EE727;emailee727@gmail.com;ᚫꛘ♕睯奤艝
728;EE728;emailee728@gmail.com;ᚫꛘ♕睯奤艝
729;EE729;emailee729@gmail.com;ᚫꛘ♕睯奤艝
730;EE730;emailee730@gmail.com;ᚫꛘ♕睯奤艝
731;EE731;emailee731@gmail.com;ᚫꛘ♕睯奤艝
732;EE732;emailee732@gmail.com;ᚫꛘ♕睯奤艝
733;EE733;emailee733@gmail.com;ᚫꛘ♕睯奤艝
734;EE734;emailee734@gmail.com;ᚫꛘ♕睯奤艝
735;EE735;emailee735@gmail.com;ᚫꛘ♕睯奤艝
736;EE736;emailee736@gmail.com;ᚫꛘ♕睯奤艝
737;EE737;emailee737@gmail.com;ᚫꛘ♕睯奤艝
738;EE738;emailee738@gmail.com;ᚫꛘ♕睯奤艝
739;EE739;emailee739@gmail.com;ᚫꛘ♕睯奤艝
740;EE740;emailee740@gmail.com;ᚫꛘ♕睯奤艝
741;EE741;emailee741@gmail.com;ᚫꛘ♕睯奤艝
742;EE742;emailee742@gmail.com;ᚫꛘ♕睯奤艝
743;EE743;emailee743@gmail.com;ᚫꛘ♕睯奤艝
744;EE744;emailee744@gmail.com;ᚫꛘ♕睯奤艝
745;EE745;emailee745@gmail.com;ᚫꛘ♕睯奤艝
746;EE746;emailee746@gmail.com;ᚫꛘ♕睯奤艝
747;EE747;emailee747@gmail.com;ᚫꛘ♕睯奤艝
748;EE748;emailee748@gmail.com;ᚫꛘ♕睯奤艝
749;EE749;emailee749@gmail.com;ᚫꛘ♕睯奤艝
750;EE750;emailee750@gmail.com;ᚫꛘ♕睯奤艝
751;EE751;emailee751@gmail.com;ᚫꛘ♕睯奤艝
752;EE752;emailee752@gmail.com;ᚫꛘ♕睯奤艝
753;EE753;emailee753@gmail.com;ᚫꛘ♕睯奤艝
754;EE754;emailee754@gmail.com;ᚫꛘ♕睯奤艝
755;EE755;emailee755@gmail.com;ᚫꛘ♕睯奤艝
756;EE756;emailee756@gmail.com;ᚫꛘ♕睯奤艝
757;EE757;emailee757@gmail.com;ᚫꛘ♕睯奤艝
758;EE758;emailee758@gmail.com;ᚫꛘ♕睯奤艝
759;EE759;emailee759@gmail.com;ᚫꛘ♕睯奤艝
760;EE760;emailee760@gmail.com;ᚫꛘ♕睯奤艝
761;EE761;emailee761@gmail.com;ᚫꛘ♕睯奤艝
762;EE762;emailee762@gmail.com;ᚫꛘ♕睯奤艝
763;EE763;emailee763@gmail.com;ᚫꛘ♕睯奤艝
764;EE764;emailee764@gmail.com;ᚫꛘ♕睯奤艝
765;EE765;emailee765@gmail.com;ᚫꛘ♕睯奤艝
766;EE766;emailee766@gmail.com;ᚫꛘ♕睯奤艝
767;EE767;emailee767@gmail.com;ᚫꛘ♕睯奤艝
768;EE768;emailee768@gmail.com;ᚫꛘ♕睯奤艝
769;EE769;emailee769@gmail.com;ᚫꛘ♕睯奤艝
770;EE770;emailee770@gmail.com;ᚫꛘ♕睯奤艝
771;EE771;emailee771@gmail.com;ᚫꛘ♕睯奤艝
772;EE772;emailee772@gmail.com;ᚫꛘ♕睯奤艝
773;EE773;emailee773@gmail.com;ᚫꛘ♕睯奤艝
774;EE774;emailee774@gmail.com;ᚫꛘ♕睯奤艝
775;EE775;emailee775@gmail.com;ᚫꛘ♕睯奤艝
776;EE776;emailee776@gmail.com;ᚫꛘ♕睯奤艝
777;EE777;emailee777@gmail.com;ᚫꛘ♕睯奤艝
778;EE778;emailee778@gmail.com;ᚫꛘ♕睯奤艝
779;EE779;emailee779@gmail.com;ᚫꛘ♕睯奤艝
780;EE780;emailee780@gmail.com;ᚫꛘ♕睯奤艝
781;EE781;emailee781@gmail.com;ᚫꛘ♕睯奤艝
782;EE782;emailee782@gmail.com;ᚫꛘ♕睯奤艝
783;EE783;emailee783@gmail.com;ᚫꛘ♕睯奤艝
784;EE784;emailee784@gmail.com;ᚫꛘ♕睯奤艝
785;EE785;emailee785@gmail.com;ᚫꛘ♕睯奤艝
786;EE786;emailee786@gmail.com;ᚫꛘ♕睯奤艝
787;EE787;emailee787@gmail.com;ᚫꛘ♕睯奤艝
788;EE788;emailee788@gmail.com;ᚫꛘ♕睯奤艝
789;EE789;emailee789@gmail.com;ᚫꛘ♕睯奤艝
790;EE790;emailee790@gmail.com;ᚫꛘ♕睯奤艝
791;EE791;emailee791@gmail.com;ᚫꛘ♕睯奤艝
792;EE792;emailee792@gmail.com;ᚫꛘ♕睯奤艝
793;EE793;emailee793@gmail.com;ᚫꛘ♕睯奤艝
794;EE794;emailee794@gmail.com;ᚫꛘ♕睯奤艝
795;EE795;emailee795@gmail.com;ᚫꛘ♕睯奤艝
796;EE796;emailee796@gmail.com;ᚫꛘ♕睯奤艝
797;EE797;emailee797@gmail.com;ᚫꛘ♕睯奤艝
798;EE798;emailee798@gmail.com;ᚫꛘ♕睯奤艝
799;EE799;emailee799@gmail.com;ᚫꛘ♕睯奤艝
800;EE800;emailee800@gmail.com;ᚫꛘ♕睯奤艝
801;EE801;emailee801@gmail.com;ᚫꛘ♕睯奤艝
802;EE802;emailee802@gmail.com;ᚫꛘ♕睯奤艝
803;EE803;emailee803@gmail.com;ᚫꛘ♕睯奤艝
804;EE804;emailee804@gmail.com;ᚫꛘ♕睯奤艝
805;EE805;emailee805@gmail.com;ᚫꛘ♕睯奤艝
806;EE806;emailee806@gmail.com;ᚫꛘ♕睯奤艝
807;EE807;emailee807@gmail.com;ᚫꛘ♕睯奤艝
808;EE808;emailee808@gmail.com;ᚫꛘ♕睯奤艝
809;EE809;emailee809@gmail.com;ᚫꛘ♕睯奤艝
810;EE810;emailee810@gmail.com;ᚫꛘ♕睯奤艝
811;EE811;emailee811@gmail.com;ᚫꛘ♕睯奤艝
812;EE812;emailee812@gmail.com;ᚫꛘ♕睯奤艝
813;EE813;emailee813@gmail.com;ᚫꛘ♕睯奤艝
814;EE814;emailee814@gmail.com;ᚫꛘ♕睯奤艝
815;EE815;emailee815@gmail.com;ᚫꛘ♕睯奤艝
816;EE816;emailee816@gmail.com;ᚫꛘ♕睯奤艝
817;EE817;emailee817@gmail.com;ᚫꛘ♕睯奤艝
818;EE818;emailee818@gmail.com;ᚫꛘ♕睯奤艝
819;EE819;emailee819@gmail.com;ᚫꛘ♕睯奤艝
820;EE820;emailee820@gmail.com;ᚫꛘ♕睯奤艝
821;EE821;emailee821@gmail.com;ᚫꛘ♕睯奤艝
822;EE822;emailee822@gmail.com;ᚫꛘ♕睯奤艝
823;EE823;emailee823@gmail.com;ᚫꛘ♕睯奤艝
824;EE824;emailee824@gmail.com;ᚫꛘ♕睯奤艝
825;EE825;emailee825@gmail.com;ᚫꛘ♕睯奤艝
826;EE826;emailee826@gmail.com;ᚫꛘ♕睯奤艝
827;EE827;emailee827@gmail.com;ᚫꛘ♕睯奤艝
828;EE828;emailee828@gmail.com;ᚫꛘ♕睯奤艝
829;EE829;emailee829@gmail.com;ᚫꛘ♕睯奤艝
830;EE830;emailee830@gmail.com;ᚫꛘ♕睯奤艝
831;EE831;emailee831@gmail.com;ᚫꛘ♕睯奤艝
832;EE832;emailee832@gmail.com;ᚫꛘ♕睯奤艝
833;EE833;emailee833@gmail.com;ᚫꛘ♕睯奤艝
834;EE834;emailee834@gmail.com;ᚫꛘ♕睯奤艝
835;EE835;emailee835@gmail.com;ᚫꛘ♕睯奤艝
836;EE836;emailee836@gmail.com;ᚫꛘ♕睯奤艝
837;EE837;emailee837@gmail.com;ᚫꛘ♕睯奤艝
838;EE838;emailee838@gmail.com;ᚫꛘ♕睯奤艝
839;EE839;emailee839@gmail.com;ᚫꛘ♕睯奤艝
840;EE840;emailee840@gmail.com;ᚫꛘ♕睯奤艝
841;EE841;emailee841@gmail.com;ᚫꛘ♕睯奤艝
842;EE842;emailee842@gmail.com;ᚫꛘ♕睯奤艝
843;EE843;emailee843@gmail.com;ᚫꛘ♕睯奤艝
844;EE844;emailee844@gmail.com;ᚫꛘ♕睯奤艝
845;EE845;emailee845@gmail.com;ᚫꛘ♕睯奤艝
846;EE846;emailee846@gmail.com;ᚫꛘ♕睯奤艝
847;EE847;emailee847@gmail.com;ᚫꛘ♕睯奤艝
848;EE848;emailee848@gmail.com;ᚫꛘ♕睯奤艝
849;EE849;emailee849@gmail.com;ᚫꛘ♕睯奤艝
850;EE850;emailee850@gmail.com;ᚫꛘ♕睯奤艝
851;EE851;emailee851@gmail.com;ᚫꛘ♕睯奤艝
852;EE852;emailee852@gmail.com;ᚫꛘ♕睯奤艝
853;EE853;emailee853@gmail.com;ᚫꛘ♕睯奤艝
854;EE854;emailee854@gmail.com;ᚫꛘ♕睯奤艝
855;EE855;emailee855@gmail.com;ᚫꛘ♕睯奤艝
856;EE856;emailee856@gmail.com;ᚫꛘ♕睯奤艝
857;EE857;emailee857@gmail.com;ᚫꛘ♕睯奤艝
858;EE858;emailee858@gmail.com;ᚫꛘ♕睯奤艝
859;EE859;emailee859@gmail.com;ᚫꛘ♕睯奤艝
860;EE860;emailee860@gmail.com;ᚫꛘ♕睯奤艝
861;EE861;emailee861@gmail.com;ᚫꛘ♕睯奤艝
862;EE862;emailee862@gmail.com;ᚫꛘ♕睯奤艝
863;EE863;emailee863@gmail.com;ᚫꛘ♕睯奤艝
864;EE864;emailee864@gmail.com;ᚫꛘ♕睯奤艝
865;EE865;emailee865@gmail.com;ᚫꛘ♕睯奤艝
866;EE866;emailee866@gmail.com;ᚫꛘ♕睯奤艝
867;EE867;emailee867@gmail.com;ᚫꛘ♕睯奤艝
868;EE868;emailee868@gmail.com;ᚫꛘ♕睯奤艝
869;EE869;emailee869@gmail.com;ᚫꛘ♕睯奤艝
870;EE870;emailee870@gmail.com;ᚫꛘ♕睯奤艝
871;EE871;emailee871@gmail.com;ᚫꛘ♕睯奤艝
872;EE872;emailee872@gmail.com;ᚫꛘ♕睯奤艝
873;EE873;emailee873@gmail.com;ᚫꛘ♕睯奤艝
874;EE874;emailee874@gmail.com;ᚫꛘ♕睯奤艝
875;EE875;emailee875@gmail.com;ᚫꛘ♕睯奤艝
876;EE876;emailee876@gmail.com;ᚫꛘ♕睯奤艝
877;EE877;emailee877@gmail.com;ᚫꛘ♕睯奤艝
878;EE878;emailee878@gmail.com;ᚫꛘ♕睯奤艝
879;EE879;emailee879@gmail.com;ᚫꛘ♕睯奤艝
880;EE880;emailee880@gmail.com;ᚫꛘ♕睯奤艝
881;EE881;emailee881@gmail.com;ᚫꛘ♕睯奤艝
882;EE882;emailee882@gmail.com;ᚫꛘ♕睯奤艝
883;EE883;emailee883@gmail.com;ᚫꛘ♕睯奤艝
884;EE884;emailee884@gmail.com;ᚫꛘ♕睯奤艝
885;EE885;emailee885@gmail.com;ᚫꛘ♕睯奤艝
886;EE886;emailee886@gmail.com;ᚫꛘ♕睯奤艝
887;EE887;emailee887@gmail.com;ᚫꛘ♕睯奤艝
888;EE888;emailee888@gmail.com;ᚫꛘ♕睯奤艝
889;EE889;emailee889@gmail.com;ᚫꛘ♕睯奤艝
890;EE890;emailee890@gmail.com;ᚫꛘ♕睯奤艝
891;EE891;emailee891@gmail.com;ᚫꛘ♕睯奤艝
892;EE892;emailee892@gmail.com;ᚫꛘ♕睯奤艝
893;EE893;emailee893@gmail.com;ᚫꛘ♕睯奤艝
894;EE894;emailee894@gmail.com;ᚫꛘ♕睯奤艝
895;EE895;emailee895@gmail.com;ᚫꛘ♕睯奤艝
896;EE896;emailee896@gmail.com;ᚫꛘ♕睯奤艝
897;EE897;emailee897@gmail.com;ᚫꛘ♕睯奤艝
898;EE898;emailee898@gmail.com;ᚫꛘ♕睯奤艝
899;EE899;emailee899@gmail.com;ᚫꛘ♕睯奤艝
900;EE900;emailee900@gmail.com;ᚫꛘ♕睯奤艝
901;EE901;emailee901@gmail.com;ᚫꛘ♕睯奤艝
902;EE902;emailee902@gmail.com;ᚫꛘ♕睯奤艝
903;EE903;emailee903@gmail.com;ᚫꛘ♕睯奤艝
904;EE904;emailee904@gmail.com;ᚫꛘ♕睯奤艝
905;EE905;emailee905@gmail.com;ᚫꛘ♕睯奤艝
906;EE906;emailee906@gmail.com;ᚫꛘ♕睯奤艝
907;EE907;emailee907@gmail.com;ᚫꛘ♕睯奤艝
908;EE908;emailee908@gmail.com;ᚫꛘ♕睯奤艝
909;EE909;emailee909@gmail.com;ᚫꛘ♕睯奤艝
910;EE910;emailee910@gmail.com;ᚫꛘ♕睯奤艝
911;EE911;emailee911@gmail.com;ᚫꛘ♕睯奤艝
912;EE912;emailee912@gmail.com;ᚫꛘ♕睯奤艝
913;EE913;emailee913@gmail.com;ᚫꛘ♕睯奤艝
914;EE914;emailee914@gmail.com;ᚫꛘ♕睯奤艝
915;EE915;emailee915@gmail.com;ᚫꛘ♕睯奤艝
916;EE916;emailee916@gmail.com;ᚫꛘ♕睯奤艝
917;EE917;emailee917@gmail.com;ᚫꛘ♕睯奤艝
918;EE918;emailee918@gmail.com;ᚫꛘ♕睯奤艝
919;EE919;emailee919@gmail.com;ᚫꛘ♕睯奤艝
920;EE920;emailee920@gmail.com;ᚫꛘ♕睯奤艝
921;EE921;emailee921@gmail.com;ᚫꛘ♕睯奤艝
922;EE922;emailee922@gmail.com;ᚫꛘ♕睯奤艝
923;EE923;emailee923@gmail.com;ᚫꛘ♕睯奤艝
924;EE924;emailee924@gmail.com;ᚫꛘ♕睯奤艝
925;EE925;emailee925@gmail.com;ᚫꛘ♕睯奤艝
926;EE926;emailee926@gmail.com;ᚫꛘ♕睯奤艝
927;EE927;emailee927@gmail.com;ᚫꛘ♕睯奤艝
928;EE928;emailee928@gmail.com;ᚫꛘ♕睯奤艝
929;EE929;emailee929@gmail.com;ᚫꛘ♕睯奤艝
930;EE930;emailee930@gmail.com;ᚫꛘ♕睯奤艝
931;EE931;emailee931@gmail.com;ᚫꛘ♕睯奤艝
932;EE932;emailee932@gmail.com;ᚫꛘ♕睯奤艝
933;EE933;emailee933@gmail.com;ᚫꛘ♕睯奤艝
934;EE934;emailee934@gmail.com;ᚫꛘ♕睯奤艝
935;EE935;emailee935@gmail.com;ᚫꛘ♕睯奤艝
936;EE936;emailee936@gmail.com;ᚫꛘ♕睯奤艝
937;EE937;emailee937@gmail.com;ᚫꛘ♕睯奤艝
938;EE938;emailee938@gmail.com;ᚫꛘ♕睯奤艝
939;EE939;emailee939@gmail.com;ᚫꛘ♕睯奤艝
940;EE940;emailee940@gmail.com;ᚫꛘ♕睯奤艝
941;EE941;emailee941@gmail.com;ᚫꛘ♕睯奤艝
942;EE942;emailee942@gmail.com;ᚫꛘ♕睯奤艝
943;EE943;emailee943@gmail.com;ᚫꛘ♕睯奤艝
944;EE944;emailee944@gmail.com;ᚫꛘ♕睯奤艝
945;EE945;emailee945@gmail.com;ᚫꛘ♕睯奤艝
946;EE946;emailee946@gmail.com;ᚫꛘ♕睯奤艝
947;EE947;emailee947@gmail.com;ᚫꛘ♕睯奤艝
948;EE948;emailee948@gmail.com;ᚫꛘ♕睯奤艝
949;EE949;emailee949@gmail.com;ᚫꛘ♕睯奤艝
950;EE950;emailee950@gmail.com;ᚫꛘ♕睯奤艝
951;EE951;emailee951@gmail.com;ᚫꛘ♕睯奤艝
952;EE952;emailee952@gmail.com;ᚫꛘ♕睯奤艝
953;EE953;emailee953@gmail.com;ᚫꛘ♕睯奤艝
954;EE954;emailee954@gmail.com;ᚫꛘ♕睯奤艝
955;EE955;emailee955@gmail.com;ᚫꛘ♕睯奤艝
956;EE956;emailee956@gmail.com;ᚫꛘ♕睯奤艝
957;EE957;emailee957@gmail.com;ᚫꛘ♕睯奤艝
958;EE958;emailee958@gmail.com;ᚫꛘ♕睯奤艝
959;EE959;emailee959@gmail.com;ᚫꛘ♕睯奤艝
960;EE960;emailee960@gmail.com;ᚫꛘ♕睯奤艝
961;EE961;emailee961@gmail.com;ᚫꛘ♕睯奤艝
962;EE962;emailee962@gmail.com;ᚫꛘ♕睯奤艝
963;EE963;emailee963@gmail.com;ᚫꛘ♕睯奤艝
964;EE964;emailee964@gmail.com;ᚫꛘ♕睯奤艝
965;EE965;emailee965@gmail.com;ᚫꛘ♕睯奤艝
966;EE966;emailee966@gmail.com;ᚫꛘ♕睯奤艝
967;EE967;emailee967@gmail.com;ᚫꛘ♕睯奤艝
968;EE968;emailee968@gmail.com;ᚫꛘ♕睯奤艝
969;EE969;emailee969@gmail.com;ᚫꛘ♕睯奤艝
970;EE970;emailee970@gmail.com;ᚫꛘ♕睯奤艝
971;EE971;emailee971@gmail.com;ᚫꛘ♕睯奤艝
972;EE972;emailee972@gmail.com;ᚫꛘ♕睯奤艝
973;EE973;emailee973@gmail.com;ᚫꛘ♕睯奤艝
974;EE974;emailee974@gmail.com;ᚫꛘ♕睯奤艝
975;EE975;emailee975@gmail.com;ᚫꛘ♕睯奤艝
976;EE976;emailee976@gmail.com;ᚫꛘ♕睯奤艝
977;EE977;emailee977@gmail.com;ᚫꛘ♕睯奤艝
978;EE978;emailee978@gmail.com;ᚫꛘ♕睯奤艝
979;EE979;emailee979@gmail.com;ᚫꛘ♕睯奤艝
980;EE980;emailee980@gmail.com;ᚫꛘ♕睯奤艝
981;EE981;emailee981@gmail.com;ᚫꛘ♕睯奤艝
982;EE982;emailee982@gmail.com;ᚫꛘ♕睯奤艝
983;EE983;emailee983@gmail.com;ᚫꛘ♕睯奤艝
984;EE984;emailee984@gmail.com;ᚫꛘ♕睯奤艝
985;EE985;emailee985@gmail.com;ᚫꛘ♕睯奤艝
986;EE986;emailee986@gmail.com;ᚫꛘ♕睯奤艝
987;EE987;emailee987@gmail.com;ᚫꛘ♕睯奤艝
988;EE988;emailee988@gmail.com;ᚫꛘ♕睯奤艝
989;EE989;emailee989@gmail.com;ᚫꛘ♕睯奤艝
990;EE990;emailee990@gmail.com;ᚫꛘ♕睯奤艝
991;EE991;emailee991@gmail.com;ᚫꛘ♕睯奤艝
992;EE992;emailee992@gmail.com;ᚫꛘ♕睯奤艝
993;EE993;emailee993@gmail.com;ᚫꛘ♕睯奤艝
994;EE994;emailee994@gmail.com;ᚫꛘ♕睯奤艝
995;EE995;emailee995@gmail.com;ᚫꛘ♕睯奤艝
996;EE996;emailee996@gmail.com;ᚫꛘ♕睯奤艝
997;EE997;emailee997@gmail.com;ᚫꛘ♕睯奤艝
998;EE998;emailee998@gmail.com;ᚫꛘ♕睯奤艝
999;EE999;emailee999@gmail.com;ᚫꛘ♕睯奤艝
1000;EE1000;emailee1000@gmail.com;ᚫꛘ♕睯奤艝
1001;EE1001;emailee1001@gmail.com;ᚫꛘ♕睯奤艝
1002;EE1002;emailee1002@gmail.com;ᚫꛘ♕睯奤艝
1003;EE1003;emailee1003@gmail.com;ᚫꛘ♕睯奤艝
1004;EE1004;emailee1004@gmail.com;ᚫꛘ♕睯奤艝
1005;EE1005;emailee1005@gmail.com;ᚫꛘ♕睯奤艝
1006;EE1006;emailee1006@gmail.com;ᚫꛘ♕睯奤艝
1007;EE1007;emailee1007@gmail.com;ᚫꛘ♕睯奤艝
1008;EE1008;emailee1008@gmail.com;ᚫꛘ♕睯奤艝
1009;EE1009;emailee1009@gmail.com;ᚫꛘ♕睯奤艝
1010;EE1010;emailee1010@gmail.com;ᚫꛘ♕睯奤艝
1011;EE1011;emailee1011@gmail.com;ᚫꛘ♕睯奤艝
1012;EE1012;emailee1012@gmail.com;ᚫꛘ♕睯奤艝
1013;EE1013;emailee1013@gmail.com;ᚫꛘ♕睯奤艝
1014;EE1014;emailee1014@gmail.com;ᚫꛘ♕睯奤艝
1015;EE1015;emailee1015@gmail.com;ᚫꛘ♕睯奤艝
1016;EE1016;emailee1016@gmail.com;ᚫꛘ♕睯奤艝
1017;EE1017;emailee1017@gmail.com;ᚫꛘ♕睯奤艝
1018;EE1018;emailee1018@gmail.com;ᚫꛘ♕睯奤艝
1019;EE1019;emailee1019@gmail.com;ᚫꛘ♕睯奤艝
1020;EE1020;emailee1020@gmail.com;ᚫꛘ♕睯奤艝
1021;EE1021;emailee1021@gmail.com;ᚫꛘ♕睯奤艝
1022;EE1022;emailee1022@gmail.com;ᚫꛘ♕睯奤艝
1023;EE1023;emailee1023@gmail.com;ᚫꛘ♕睯奤艝
1024;EE1024;emailee1024@gmail.com;ᚫꛘ♕睯奤艝
1025;EE1025;emailee1025@gmail.com;ᚫꛘ♕睯奤艝
1026;EE1026;emailee1026@gmail.com;ᚫꛘ♕睯奤艝
1027;EE1027;emailee1027@gmail.com;ᚫꛘ♕睯奤艝
1028;EE1028;emailee1028@gmail.com;ᚫꛘ♕睯奤艝
1029;EE1029;emailee1029@gmail.com;ᚫꛘ♕睯奤艝
1030;EE1030;emailee1030@gmail.com;ᚫꛘ♕睯奤艝
1031;EE1031;emailee1031@gmail.com;ᚫꛘ♕睯奤艝
1032;EE1032;emailee1032@gmail.com;ᚫꛘ♕睯奤艝
1033;EE1033;emailee1033@gmail.com;ᚫꛘ♕睯奤艝
1034;EE1034;emailee1034@gmail.com;ᚫꛘ♕睯奤艝
1035;EE1035;emailee1035@gmail.com;ᚫꛘ♕睯奤艝
1036;EE1036;emailee1036@gmail.com;ᚫꛘ♕睯奤艝
1037;EE1037;emailee1037@gmail.com;ᚫꛘ♕睯奤艝
1038;EE1038;emailee1038@gmail.com;ᚫꛘ♕睯奤艝
1039;EE1039;emailee1039@gmail.com;ᚫꛘ♕睯奤艝
1040;EE1040;emailee1040@gmail.com;ᚫꛘ♕睯奤艝
1041;EE1041;emailee1041@gmail.com;ᚫꛘ♕睯奤艝
1042;EE1042;emailee1042@gmail.com;ᚫꛘ♕睯奤艝
1043;EE1043;emailee1043@gmail.com;ᚫꛘ♕睯奤艝
1044;EE1044;emailee1044@gmail.com;ᚫꛘ♕睯奤艝
1045;EE1045;emailee1045@gmail.com;ᚫꛘ♕睯奤艝
1046;EE1046;emailee1046@gmail.com;ᚫꛘ♕睯奤艝
1047;EE1047;emailee1047@gmail.com;ᚫꛘ♕睯奤艝
1048;EE1048;emailee1048@gmail.com;ᚫꛘ♕睯奤艝
1049;EE1049;emailee1049@gmail.com;ᚫꛘ♕睯奤艝
1050;EE1050;emailee1050@gmail.com;ᚫꛘ♕睯奤艝
1051;EE1051;emailee1051@gmail.com;ᚫꛘ♕睯奤艝
1052;EE1052;emailee1052@gmail.com;ᚫꛘ♕睯奤艝
1053;EE1053;emailee1053@gmail.com;ᚫꛘ♕睯奤艝
1054;EE1054;emailee1054@gmail.com;ᚫꛘ♕睯奤艝
1055;EE1055;emailee1055@gmail.com;ᚫꛘ♕睯奤艝
1056;EE1056;emailee1056@gmail.com;ᚫꛘ♕睯奤艝
1057;EE1057;emailee1057@gmail.com;ᚫꛘ♕睯奤艝
1058;EE1058;emailee1058@gmail.com;ᚫꛘ♕睯奤艝
1059;EE1059;emailee1059@gmail.com;ᚫꛘ♕睯奤艝
1060;EE1060;emailee1060@gmail.com;ᚫꛘ♕睯奤艝
1061;EE1061;emailee1061@gmail.com;ᚫꛘ♕睯奤艝
1062;EE1062;emailee1062@gmail.com;ᚫꛘ♕睯奤艝
1063;EE1063;emailee1063@gmail.com;ᚫꛘ♕睯奤艝
1064;EE1064;emailee1064@gmail.com;ᚫꛘ♕睯奤艝
1065;EE1065;emailee1065@gmail.com;ᚫꛘ♕睯奤艝
1066;EE1066;emailee1066@gmail.com;ᚫꛘ♕睯奤艝
1067;EE1067;emailee1067@gmail.com;ᚫꛘ♕睯奤艝
1068;EE1068;emailee1068@gmail.com;ᚫꛘ♕睯奤艝
1069;EE1069;emailee1069@gmail.com;ᚫꛘ♕睯奤艝
1070;EE1070;emailee1070@gmail.com;ᚫꛘ♕睯奤艝
1071;EE1071;emailee1071@gmail.com;ᚫꛘ♕睯奤艝
1072;EE1072;emailee1072@gmail.com;ᚫꛘ♕睯奤艝
1073;EE1073;emailee1073@gmail.com;ᚫꛘ♕睯奤艝
1074;EE1074;emailee1074@gmail.com;ᚫꛘ♕睯奤艝
1075;EE1075;emailee1075@gmail.com;ᚫꛘ♕睯奤艝
1076;EE1076;emailee1076@gmail.com;ᚫꛘ♕睯奤艝
1077;EE1077;emailee1077@gmail.com;ᚫꛘ♕睯奤艝
1078;EE1078;emailee1078@gmail.com;ᚫꛘ♕睯奤艝
1079;EE1079;emailee1079@gmail.com;ᚫꛘ♕睯奤艝
1080;EE1080;emailee1080@gmail.com;ᚫꛘ♕睯奤艝
1081;EE1081;emailee1081@gmail.com;ᚫꛘ♕睯奤艝
1082;EE1082;emailee1082@gmail.com;ᚫꛘ♕睯奤艝
1083;EE1083;emailee1083@gmail.com;ᚫꛘ♕睯奤艝
1084;EE1084;emailee1084@gmail.com;ᚫꛘ♕睯奤艝
1085;EE1085;emailee1085@gmail.com;ᚫꛘ♕睯奤艝
1086;EE1086;emailee1086@gmail.com;ᚫꛘ♕睯奤艝
1087;EE1087;emailee1087@gmail.com;ᚫꛘ♕睯奤艝
1088;EE1088;emailee1088@gmail.com;ᚫꛘ♕睯奤艝
1089;EE1089;emailee1089@gmail.com;ᚫꛘ♕睯奤艝
1090;EE1090;emailee1090@gmail.com;ᚫꛘ♕睯奤艝
1091;EE1091;emailee1091@gmail.com;ᚫꛘ♕睯奤艝
1092;EE1092;emailee1092@gmail.com;ᚫꛘ♕睯奤艝
1093;EE1093;emailee1093@gmail.com;ᚫꛘ♕睯奤艝
1094;EE1094;emailee1094@gmail.com;ᚫꛘ♕睯奤艝
1095;EE1095;emailee1095@gmail.com;ᚫꛘ♕睯奤艝
1096;EE1096;emailee1096@gmail.com;ᚫꛘ♕睯奤艝
1097;EE1097;emailee1097@gmail.com;ᚫꛘ♕睯奤艝
1098;EE1098;emailee1098@gmail.com;ᚫꛘ♕睯奤艝
1099;EE1099;emailee1099@gmail.com;ᚫꛘ♕睯奤艝
1100;EE1100;emailee1100@gmail.com;ᚫꛘ♕睯奤艝
1101;EE1101;emailee1101@gmail.com;ᚫꛘ♕睯奤艝
1102;EE1102;emailee1102@gmail.com;ᚫꛘ♕睯奤艝
1103;EE1103;emailee1103@gmail.com;ᚫꛘ♕睯奤艝
1104;EE1104;emailee1104@gmail.com;ᚫꛘ♕睯奤艝
1105;EE1105;emailee1105@gmail.com;ᚫꛘ♕睯奤艝
1106;EE1106;emailee1106@gmail.com;ᚫꛘ♕睯奤艝
1107;EE1107;emailee1107@gmail.com;ᚫꛘ♕睯奤艝
1108;EE1108;emailee1108@gmail.com;ᚫꛘ♕睯奤艝
1109;EE1109;emailee1109@gmail.com;ᚫꛘ♕睯奤艝
1110;EE1110;emailee1110@gmail.com;ᚫꛘ♕睯奤艝
1111;EE1111;emailee1111@gmail.com;ᚫꛘ♕睯奤艝
1112;EE1112;emailee1112@gmail.com;ᚫꛘ♕睯奤艝
1113;EE1113;emailee1113@gmail.com;ᚫꛘ♕睯奤艝
1114;EE1114;emailee1114@gmail.com;ᚫꛘ♕睯奤艝
1115;EE1115;emailee1115@gmail.com;ᚫꛘ♕睯奤艝
1116;EE1116;emailee1116@gmail.com;ᚫꛘ♕睯奤艝
1117;EE1117;emailee1117@gmail.com;ᚫꛘ♕睯奤艝
1118;EE1118;emailee1118@gmail.com;ᚫꛘ♕睯奤艝
1119;EE1119;emailee1119@gmail.com;ᚫꛘ♕睯奤艝
1120;EE1120;emailee1120@gmail.com;ᚫꛘ♕睯奤艝
1121;EE1121;emailee1121@gmail.com;ᚫꛘ♕睯奤艝
1122;EE1122;emailee1122@gmail.com;ᚫꛘ♕睯奤艝
1123;EE1123;emailee1123@gmail.com;ᚫꛘ♕睯奤艝
1124;EE1124;emailee1124@gmail.com;ᚫꛘ♕睯奤艝
1125;EE1125;emailee1125@gmail.com;ᚫꛘ♕睯奤艝
1126;EE1126;emailee1126@gmail.com;ᚫꛘ♕睯奤艝
1127;EE1127;emailee1127@gmail.com;ᚫꛘ♕睯奤艝
1128;EE1128;emailee1128@gmail.com;ᚫꛘ♕睯奤艝
1129;EE1129;emailee1129@gmail.com;ᚫꛘ♕睯奤艝
1130;EE1130;emailee1130@gmail.com;ᚫꛘ♕睯奤艝
1131;EE1131;emailee1131@gmail.com;ᚫꛘ♕睯奤艝
1132;EE1132;emailee1132@gmail.com;ᚫꛘ♕睯奤艝
1133;EE1133;emailee1133@gmail.com;ᚫꛘ♕睯奤艝
1134;EE1134;emailee1134@gmail.com;ᚫꛘ♕睯奤艝
1135;EE1135;emailee1135@gmail.com;ᚫꛘ♕睯奤艝
1136;EE1136;emailee1136@gmail.com;ᚫꛘ♕睯奤艝
1137;EE1137;emailee1137@gmail.com;ᚫꛘ♕睯奤艝
1138;EE1138;emailee1138@gmail.com;ᚫꛘ♕睯奤艝
1139;EE1139;emailee1139@gmail.com;ᚫꛘ♕睯奤艝
1140;EE1140;emailee1140@gmail.com;ᚫꛘ♕睯奤艝
1141;EE1141;emailee1141@gmail.com;ᚫꛘ♕睯奤艝
1142;EE1142;emailee1142@gmail.com;ᚫꛘ♕睯奤艝
1143;EE1143;emailee1143@gmail.com;ᚫꛘ♕睯奤艝
1144;EE1144;emailee1144@gmail.com;ᚫꛘ♕睯奤艝
1145;EE1145;emailee1145@gmail.com;ᚫꛘ♕睯奤艝
1146;EE1146;emailee1146@gmail.com;ᚫꛘ♕睯奤艝
1147;EE1147;emailee1147@gmail.com;ᚫꛘ♕睯奤艝
1148;EE1148;emailee1148@gmail.com;ᚫꛘ♕睯奤艝
1149;EE1149;emailee1149@gmail.com;ᚫꛘ♕睯奤艝
1150;EE1150;emailee1150@gmail.com;ᚫꛘ♕睯奤艝
1151;EE1151;emailee1151@gmail.com;ᚫꛘ♕睯奤艝
1152;EE1152;emailee1152@gmail.com;ᚫꛘ♕睯奤艝
1153;EE1153;emailee1153@gmail.com;ᚫꛘ♕睯奤艝
1154;EE1154;emailee1154@gmail.com;ᚫꛘ♕睯奤艝
1155;EE1155;emailee1155@gmail.com;ᚫꛘ♕睯奤艝
1156;EE1156;emailee1156@gmail.com;ᚫꛘ♕睯奤艝
1157;EE1157;emailee1157@gmail.com;ᚫꛘ♕睯奤艝
1158;EE1158;emailee1158@gmail.com;ᚫꛘ♕睯奤艝
1159;EE1159;emailee1159@gmail.com;ᚫꛘ♕睯奤艝
1160;EE1160;emailee1160@gmail.com;ᚫꛘ♕睯奤艝
1161;EE1161;emailee1161@gmail.com;ᚫꛘ♕睯奤艝
1162;EE1162;emailee1162@gmail.com;ᚫꛘ♕睯奤艝
1163;EE1163;emailee1163@gmail.com;ᚫꛘ♕睯奤艝
1164;EE1164;emailee1164@gmail.com;ᚫꛘ♕睯奤艝
1165;EE1165;emailee1165@gmail.com;ᚫꛘ♕睯奤艝
1166;EE1166;emailee1166@gmail.com;ᚫꛘ♕睯奤艝
1167;EE1167;emailee1167@gmail.com;ᚫꛘ♕睯奤艝
1168;EE1168;emailee1168@gmail.com;ᚫꛘ♕睯奤艝
1169;EE1169;emailee1169@gmail.com;ᚫꛘ♕睯奤艝
1170;EE1170;emailee1170@gmail.com;ᚫꛘ♕睯奤艝
1171;EE1171;emailee1171@gmail.com;ᚫꛘ♕睯奤艝
1172;EE1172;emailee1172@gmail.com;ᚫꛘ♕睯奤艝
1173;EE1173;emailee1173@gmail.com;ᚫꛘ♕睯奤艝
1174;EE1174;emailee1174@gmail.com;ᚫꛘ♕睯奤艝
1175;EE1175;emailee1175@gmail.com;ᚫꛘ♕睯奤艝
1176;EE1176;emailee1176@gmail.com;ᚫꛘ♕睯奤艝
1177;EE1177;emailee1177@gmail.com;ᚫꛘ♕睯奤艝
1178;EE1178;emailee1178@gmail.com;ᚫꛘ♕睯奤艝
1179;EE1179;emailee1179@gmail.com;ᚫꛘ♕睯奤艝
1180;EE1180;emailee1180@gmail.com;ᚫꛘ♕睯奤艝
1181;EE1181;emailee1181@gmail.com;ᚫꛘ♕睯奤艝
1182;EE1182;emailee1182@gmail.com;ᚫꛘ♕睯奤艝
1183;EE1183;emailee1183@gmail.com;ᚫꛘ♕睯奤艝
1184;EE1184;emailee1184@gmail.com;ᚫꛘ♕睯奤艝
1185;EE1185;emailee1185@gmail.com;ᚫꛘ♕睯奤艝
1186;EE1186;emailee1186@gmail.com;ᚫꛘ♕睯奤艝
1187;EE1187;emailee1187@gmail.com;ᚫꛘ♕睯奤艝
1188;EE1188;emailee1188@gmail.com;ᚫꛘ♕睯奤艝
1189;EE1189;emailee1189@gmail.com;ᚫꛘ♕睯奤艝
1190;EE1190;emailee1190@gmail.com;ᚫꛘ♕睯奤艝
1191;EE1191;emailee1191@gmail.com;ᚫꛘ♕睯奤艝
1192;EE1192;emailee1192@gmail.com;ᚫꛘ♕睯奤艝
1193;EE1193;emailee1193@gmail.com;ᚫꛘ♕睯奤艝
1194;EE1194;emailee1194@gmail.com;ᚫꛘ♕睯奤艝
1195;EE1195;emailee1195@gmail.com;ᚫꛘ♕睯奤艝
1196;EE1196;emailee1196@gmail.com;ᚫꛘ♕睯奤艝
1197;EE1197;emailee1197@gmail.com;ᚫꛘ♕睯奤艝
1198;EE1198;emailee1198@gmail.com;ᚫꛘ♕睯奤艝
1199;EE1199;emailee1199@gmail.com;ᚫꛘ♕睯奤艝
1200;EE1200;emailee1200@gmail.com;ᚫꛘ♕睯奤艝
1201;EE1201;emailee1201@gmail.com;ᚫꛘ♕睯奤艝
1202;EE1202;emailee1202@gmail.com;ᚫꛘ♕睯奤艝
1203;EE1203;emailee1203@gmail.com;ᚫꛘ♕睯奤艝
1204;EE1204;emailee1204@gmail.com;ᚫꛘ♕睯奤艝
1205;EE1205;emailee1205@gmail.com;ᚫꛘ♕睯奤艝
1206;EE1206;emailee1206@gmail.com;ᚫꛘ♕睯奤艝
1207;EE1207;emailee1207@gmail.com;ᚫꛘ♕睯奤艝
1208;EE1208;emailee1208@gmail.com;ᚫꛘ♕睯奤艝
1209;EE1209;emailee1209@gmail.com;ᚫꛘ♕睯奤艝
1210;EE1210;emailee1210@gmail.com;ᚫꛘ♕睯奤艝
1211;EE1211;emailee1211@gmail.com;ᚫꛘ♕睯奤艝
1212;EE1212;emailee1212@gmail.com;ᚫꛘ♕睯奤艝
1213;EE1213;emailee1213@gmail.com;ᚫꛘ♕睯奤艝
1214;EE1214;emailee1214@gmail.com;ᚫꛘ♕睯奤艝
1215;EE1215;emailee1215@gmail.com;ᚫꛘ♕睯奤艝
1216;EE1216;emailee1216@gmail.com;ᚫꛘ♕睯奤艝
1217;EE1217;emailee1217@gmail.com;ᚫꛘ♕睯奤艝
1218;EE1218;emailee1218@gmail.com;ᚫꛘ♕睯奤艝
1219;EE1219;emailee1219@gmail.com;ᚫꛘ♕睯奤艝
1220;EE1220;emailee1220@gmail.com;ᚫꛘ♕睯奤艝
1221;EE1221;emailee1221@gmail.com;ᚫꛘ♕睯奤艝
1222;EE1222;emailee1222@gmail.com;ᚫꛘ♕睯奤艝
1223;EE1223;emailee1223@gmail.com;ᚫꛘ♕睯奤艝
1224;EE1224;emailee1224@gmail.com;ᚫꛘ♕睯奤艝
1225;EE1225;emailee1225@gmail.com;ᚫꛘ♕睯奤艝
1226;EE1226;emailee1226@gmail.com;ᚫꛘ♕睯奤艝
1227;EE1227;emailee1227@gmail.com;ᚫꛘ♕睯奤艝
1228;EE1228;emailee1228@gmail.com;ᚫꛘ♕睯奤艝
1229;EE1229;emailee1229@gmail.com;ᚫꛘ♕睯奤艝
1230;EE1230;emailee1230@gmail.com;ᚫꛘ♕睯奤艝
1231;EE1231;emailee1231@gmail.com;ᚫꛘ♕睯奤艝
1232;EE1232;emailee1232@gmail.com;ᚫꛘ♕睯奤艝
1233;EE1233;emailee1233@gmail.com;ᚫꛘ♕睯奤艝
1234;EE1234;emailee1234@gmail.com;ᚫꛘ♕睯奤艝
1235;EE1235;emailee1235@gmail.com;ᚫꛘ♕睯奤艝
1236;EE1236;emailee1236@gmail.com;ᚫꛘ♕睯奤艝
1237;EE1237;emailee1237@gmail.com;ᚫꛘ♕睯奤艝
1238;EE1238;emailee1238@gmail.com;ᚫꛘ♕睯奤艝
1239;EE1239;emailee1239@gmail.com;ᚫꛘ♕睯奤艝
1240;EE1240;emailee1240@gmail.com;ᚫꛘ♕睯奤艝
1241;EE1241;emailee1241@gmail.com;ᚫꛘ♕睯奤艝
1242;EE1242;emailee1242@gmail.com;ᚫꛘ♕睯奤艝
1243;EE1243;emailee1243@gmail.com;ᚫꛘ♕睯奤艝
1244;EE1244;emailee1244@gmail.com;ᚫꛘ♕睯奤艝
1245;EE1245;emailee1245@gmail.com;ᚫꛘ♕睯奤艝
1246;EE1246;emailee1246@gmail.com;ᚫꛘ♕睯奤艝
1247;EE1247;emailee1247@gmail.com;ᚫꛘ♕睯奤艝
1248;EE1248;emailee1248@gmail.com;ᚫꛘ♕睯奤艝
1249;EE1249;emailee1249@gmail.com;ᚫꛘ♕睯奤艝
1250;EE1250;emailee1250@gmail.com;ᚫꛘ♕睯奤艝
1251;EE1251;emailee1251@gmail.com;ᚫꛘ♕睯奤艝
1252;EE1252;emailee1252@gmail.com;ᚫꛘ♕睯奤艝
1253;EE1253;emailee1253@gmail.com;ᚫꛘ♕睯奤艝
1254;EE1254;emailee1254@gmail.com;ᚫꛘ♕睯奤艝
1255;EE1255;emailee1255@gmail.com;ᚫꛘ♕睯奤艝
1256;EE1256;emailee1256@gmail.com;ᚫꛘ♕睯奤艝
1257;EE1257;emailee1257@gmail.com;ᚫꛘ♕睯奤艝
1258;EE1258;emailee1258@gmail.com;ᚫꛘ♕睯奤艝
1259;EE1259;emailee1259@gmail.com;ᚫꛘ♕睯奤艝
1260;EE1260;emailee1260@gmail.com;ᚫꛘ♕睯奤艝
1261;EE1261;emailee1261@gmail.com;ᚫꛘ♕睯奤艝
1262;EE1262;emailee1262@gmail.com;ᚫꛘ♕睯奤艝
1263;EE1263;emailee1263@gmail.com;ᚫꛘ♕睯奤艝
1264;EE1264;emailee1264@gmail.com;ᚫꛘ♕睯奤艝
1265;EE1265;emailee1265@gmail.com;ᚫꛘ♕睯奤艝
1266;EE1266;emailee1266@gmail.com;ᚫꛘ♕睯奤艝
1267;EE1267;emailee1267@gmail.com;ᚫꛘ♕睯奤艝
1268;EE1268;emailee1268@gmail.com;ᚫꛘ♕睯奤艝
1269;EE1269;emailee1269@gmail.com;ᚫꛘ♕睯奤艝
1270;EE1270;emailee1270@gmail.com;ᚫꛘ♕睯奤艝
1271;EE1271;emailee1271@gmail.com;ᚫꛘ♕睯奤艝
1272;EE1272;emailee1272@gmail.com;ᚫꛘ♕睯奤艝
1273;EE1273;emailee1273@gmail.com;ᚫꛘ♕睯奤艝
1274;EE1274;emailee1274@gmail.com;ᚫꛘ♕睯奤艝
1275;EE1275;emailee1275@gmail.com;ᚫꛘ♕睯奤艝
1276;EE1276;emailee1276@gmail.com;ᚫꛘ♕睯奤艝
1277;EE1277;emailee1277@gmail.com;ᚫꛘ♕睯奤艝
1278;EE1278;emailee1278@gmail.com;ᚫꛘ♕睯奤艝
1279;EE1279;emailee1279@gmail.com;ᚫꛘ♕睯奤艝
1280;EE1280;emailee1280@gmail.com;ᚫꛘ♕睯奤艝
1281;EE1281;emailee1281@gmail.com;ᚫꛘ♕睯奤艝
1282;EE1282;emailee1282@gmail.com;ᚫꛘ♕睯奤艝
1283;EE1283;emailee1283@gmail.com;ᚫꛘ♕睯奤艝
1284;EE1284;emailee1284@gmail.com;ᚫꛘ♕睯奤艝
1285;EE1285;emailee1285@gmail.com;ᚫꛘ♕睯奤艝
1286;EE1286;emailee1286@gmail.com;ᚫꛘ♕睯奤艝
1287;EE1287;emailee1287@gmail.com;ᚫꛘ♕睯奤艝
1288;EE1288;emailee1288@gmail.com;ᚫꛘ♕睯奤艝
1289;EE1289;emailee1289@gmail.com;ᚫꛘ♕睯奤艝
1290;EE1290;emailee1290@gmail.com;ᚫꛘ♕睯奤艝
1291;EE1291;emailee1291@gmail.com;ᚫꛘ♕睯奤艝
1292;EE1292;emailee1292@gmail.com;ᚫꛘ♕睯奤艝
1293;EE1293;emailee1293@gmail.com;ᚫꛘ♕睯奤艝
1294;EE1294;emailee1294@gmail.com;ᚫꛘ♕睯奤艝
1295;EE1295;emailee1295@gmail.com;ᚫꛘ♕睯奤艝
1296;EE1296;emailee1296@gmail.com;ᚫꛘ♕睯奤艝
1297;EE1297;emailee1297@gmail.com;ᚫꛘ♕睯奤艝
1298;EE1298;emailee1298@gmail.com;ᚫꛘ♕睯奤艝
1299;EE1299;emailee1299@gmail.com;ᚫꛘ♕睯奤艝
1300;EE1300;emailee1300@gmail.com;ᚫꛘ♕睯奤艝
1301;EE1301;emailee1301@gmail.com;ᚫꛘ♕睯奤艝
1302;EE1302;emailee1302@gmail.com;ᚫꛘ♕睯奤艝
1303;EE1303;emailee1303@gmail.com;ᚫꛘ♕睯奤艝
1304;EE1304;emailee1304@gmail.com;ᚫꛘ♕睯奤艝
1305;EE1305;emailee1305@gmail.com;ᚫꛘ♕睯奤艝
1306;EE1306;emailee1306@gmail.com;ᚫꛘ♕睯奤艝
1307;EE1307;emailee1307@gmail.com;ᚫꛘ♕睯奤艝
1308;EE1308;emailee1308@gmail.com;ᚫꛘ♕睯奤艝
1309;EE1309;emailee1309@gmail.com;ᚫꛘ♕睯奤艝
1310;EE1310;emailee1310@gmail.com;ᚫꛘ♕睯奤艝
1311;EE1311;emailee1311@gmail.com;ᚫꛘ♕睯奤艝
1312;EE1312;emailee1312@gmail.com;ᚫꛘ♕睯奤艝
1313;EE1313;emailee1313@gmail.com;ᚫꛘ♕睯奤艝
1314;EE1314;emailee1314@gmail.com;ᚫꛘ♕睯奤艝
1315;EE1315;emailee1315@gmail.com;ᚫꛘ♕睯奤艝
1316;EE1316;emailee1316@gmail.com;ᚫꛘ♕睯奤艝
1317;EE1317;emailee1317@gmail.com;ᚫꛘ♕睯奤艝
1318;EE1318;emailee1318@gmail.com;ᚫꛘ♕睯奤艝
1319;EE1319;emailee1319@gmail.com;ᚫꛘ♕睯奤艝
1320;EE1320;emailee1320@gmail.com;ᚫꛘ♕睯奤艝
1321;EE1321;emailee1321@gmail.com;ᚫꛘ♕睯奤艝
1322;EE1322;emailee1322@gmail.com;ᚫꛘ♕睯奤艝
1323;EE1323;emailee1323@gmail.com;ᚫꛘ♕睯奤艝
1324;EE1324;emailee1324@gmail.com;ᚫꛘ♕睯奤艝
1325;EE1325;emailee1325@gmail.com;ᚫꛘ♕睯奤艝
1326;EE1326;emailee1326@gmail.com;ᚫꛘ♕睯奤艝
1327;EE1327;emailee1327@gmail.com;ᚫꛘ♕睯奤艝
1328;EE1328;emailee1328@gmail.com;ᚫꛘ♕睯奤艝
1329;EE1329;emailee1329@gmail.com;ᚫꛘ♕睯奤艝
1330;EE1330;emailee1330@gmail.com;ᚫꛘ♕睯奤艝
1331;EE1331;emailee1331@gmail.com;ᚫꛘ♕睯奤艝
1332;EE1332;emailee1332@gmail.com;ᚫꛘ♕睯奤艝
1333;EE1333;emailee1333@gmail.com;ᚫꛘ♕睯奤艝
1334;EE1334;emailee1334@gmail.com;ᚫꛘ♕睯奤艝
1335;EE1335;emailee1335@gmail.com;ᚫꛘ♕睯奤艝
1336;EE1336;emailee1336@gmail.com;ᚫꛘ♕睯奤艝
1337;EE1337;emailee1337@gmail.com;ᚫꛘ♕睯奤艝
1338;EE1338;emailee1338@gmail.com;ᚫꛘ♕睯奤艝
1339;EE1339;emailee1339@gmail.com;ᚫꛘ♕睯奤艝
1340;EE1340;emailee1340@gmail.com;ᚫꛘ♕睯奤艝
1341;EE1341;emailee1341@gmail.com;ᚫꛘ♕睯奤艝
1342;EE1342;emailee1342@gmail.com;ᚫꛘ♕睯奤艝
1343;EE1343;emailee1343@gmail.com;ᚫꛘ♕睯奤艝
1344;EE1344;emailee1344@gmail.com;ᚫꛘ♕睯奤艝
1345;EE1345;emailee1345@gmail.com;ᚫꛘ♕睯奤艝
1346;EE1346;emailee1346@gmail.com;ᚫꛘ♕睯奤艝
1347;EE1347;emailee1347@gmail.com;ᚫꛘ♕睯奤艝
1348;EE1348;emailee1348@gmail.com;ᚫꛘ♕睯奤艝
1349;EE1349;emailee1349@gmail.com;ᚫꛘ♕睯奤艝
1350;EE1350;emailee1350@gmail.com;ᚫꛘ♕睯奤艝
1351;EE1351;emailee1351@gmail.com;ᚫꛘ♕睯奤艝
1352;EE1352;emailee1352@gmail.com;ᚫꛘ♕睯奤艝
1353;EE1353;emailee1353@gmail.com;ᚫꛘ♕睯奤艝
1354;EE1354;emailee1354@gmail.com;ᚫꛘ♕睯奤艝
1355;EE1355;emailee1355@gmail.com;ᚫꛘ♕睯奤艝
1356;EE1356;emailee1356@gmail.com;ᚫꛘ♕睯奤艝
1357;EE1357;emailee1357@gmail.com;ᚫꛘ♕睯奤艝
1358;EE1358;emailee1358@gmail.com;ᚫꛘ♕睯奤艝
1359;EE1359;emailee1359@gmail.com;ᚫꛘ♕睯奤艝
1360;EE1360;emailee1360@gmail.com;ᚫꛘ♕睯奤艝
1361;EE1361;emailee1361@gmail.com;ᚫꛘ♕睯奤艝
1362;EE1362;emailee1362@gmail.com;ᚫꛘ♕睯奤艝
1363;EE1363;emailee1363@gmail.com;ᚫꛘ♕睯奤艝
1364;EE1364;emailee1364@gmail.com;ᚫꛘ♕睯奤艝
1365;EE1365;emailee1365@gmail.com;ᚫꛘ♕睯奤艝
1366;EE1366;emailee1366@gmail.com;ᚫꛘ♕睯奤艝
1367;EE1367;emailee1367@gmail.com;ᚫꛘ♕睯奤艝
1368;EE1368;emailee1368@gmail.com;ᚫꛘ♕睯奤艝
1369;EE1369;emailee1369@gmail.com;ᚫꛘ♕睯奤艝
1370;EE1370;emailee1370@gmail.com;ᚫꛘ♕睯奤艝
1371;EE1371;emailee1371@gmail.com;ᚫꛘ♕睯奤艝
1372;EE1372;emailee1372@gmail.com;ᚫꛘ♕睯奤艝
1373;EE1373;emailee1373@gmail.com;ᚫꛘ♕睯奤艝
1374;EE1374;emailee1374@gmail.com;ᚫꛘ♕睯奤艝
1375;EE1375;emailee1375@gmail.com;ᚫꛘ♕睯奤艝
1376;EE1376;emailee1376@gmail.com;ᚫꛘ♕睯奤艝
1377;EE1377;emailee1377@gmail.com;ᚫꛘ♕睯奤艝
1378;EE1378;emailee1378@gmail.com;ᚫꛘ♕睯奤艝
1379;EE1379;emailee1379@gmail.com;ᚫꛘ♕睯奤艝
1380;EE1380;emailee1380@gmail.com;ᚫꛘ♕睯奤艝
1381;EE1381;emailee1381@gmail.com;ᚫꛘ♕睯奤艝
1382;EE1382;emailee1382@gmail.com;ᚫꛘ♕睯奤艝
1383;EE1383;emailee1383@gmail.com;ᚫꛘ♕睯奤艝
1384;EE1384;emailee1384@gmail.com;ᚫꛘ♕睯奤艝
1385;EE1385;emailee1385@gmail.com;ᚫꛘ♕睯奤艝
1386;EE1386;emailee1386@gmail.com;ᚫꛘ♕睯奤艝
1387;EE1387;emailee1387@gmail.com;ᚫꛘ♕睯奤艝
1388;EE1388;emailee1388@gmail.com;ᚫꛘ♕睯奤艝
1389;EE1389;emailee1389@gmail.com;ᚫꛘ♕睯奤艝
1390;EE1390;emailee1390@gmail.com;ᚫꛘ♕睯奤艝
1391;EE1391;emailee1391@gmail.com;ᚫꛘ♕睯奤艝
1392;EE1392;emailee1392@gmail.com;ᚫꛘ♕睯奤艝
1393;EE1393;emailee1393@gmail.com;ᚫꛘ♕睯奤艝
1394;EE1394;emailee1394@gmail.com;ᚫꛘ♕睯奤艝
1395;EE1395;emailee1395@gmail.com;ᚫꛘ♕睯奤艝
1396;EE1396;emailee1396@gmail.com;ᚫꛘ♕睯奤艝
1397;EE1397;emailee1397@gmail.com;ᚫꛘ♕睯奤艝
1398;EE1398;emailee1398@gmail.com;ᚫꛘ♕睯奤艝
1399;EE1399;emailee1399@gmail.com;ᚫꛘ♕睯奤艝
1400;EE1400;emailee1400@gmail.com;ᚫꛘ♕睯奤艝
1401;EE1401;emailee1401@gmail.com;ᚫꛘ♕睯奤艝
1402;EE1402;emailee1402@gmail.com;ᚫꛘ♕睯奤艝
1403;EE1403;emailee1403@gmail.com;ᚫꛘ♕睯奤艝
1404;EE1404;emailee1404@gmail.com;ᚫꛘ♕睯奤艝
1405;EE1405;emailee1405@gmail.com;ᚫꛘ♕睯奤艝
1406;EE1406;emailee1406@gmail.com;ᚫꛘ♕睯奤艝
1407;EE1407;emailee1407@gmail.com;ᚫꛘ♕睯奤艝
1408;EE1408;emailee1408@gmail.com;ᚫꛘ♕睯奤艝
1409;EE1409;emailee1409@gmail.com;ᚫꛘ♕睯奤艝
1410;EE1410;emailee1410@gmail.com;ᚫꛘ♕睯奤艝
1411;EE1411;emailee1411@gmail.com;ᚫꛘ♕睯奤艝
1412;EE1412;emailee1412@gmail.com;ᚫꛘ♕睯奤艝
1413;EE1413;emailee1413@gmail.com;ᚫꛘ♕睯奤艝
1414;EE1414;emailee1414@gmail.com;ᚫꛘ♕睯奤艝
1415;EE1415;emailee1415@gmail.com;ᚫꛘ♕睯奤艝
1416;EE1416;emailee1416@gmail.com;ᚫꛘ♕睯奤艝
1417;EE1417;emailee1417@gmail.com;ᚫꛘ♕睯奤艝
1418;EE1418;emailee1418@gmail.com;ᚫꛘ♕睯奤艝
1419;EE1419;emailee1419@gmail.com;ᚫꛘ♕睯奤艝
1420;EE1420;emailee1420@gmail.com;ᚫꛘ♕睯奤艝
1421;EE1421;emailee1421@gmail.com;ᚫꛘ♕睯奤艝
1422;EE1422;emailee1422@gmail.com;ᚫꛘ♕睯奤艝
1423;EE1423;emailee1423@gmail.com;ᚫꛘ♕睯奤艝
1424;EE1424;emailee1424@gmail.com;ᚫꛘ♕睯奤艝
1425;EE1425;emailee1425@gmail.com;ᚫꛘ♕睯奤艝
1426;EE1426;emailee1426@gmail.com;ᚫꛘ♕睯奤艝
1427;EE1427;emailee1427@gmail.com;ᚫꛘ♕睯奤艝
1428;EE1428;emailee1428@gmail.com;ᚫꛘ♕睯奤艝
1429;EE1429;emailee1429@gmail.com;ᚫꛘ♕睯奤艝
1430;EE1430;emailee1430@gmail.com;ᚫꛘ♕睯奤艝
1431;EE1431;emailee1431@gmail.com;ᚫꛘ♕睯奤艝
1432;EE1432;emailee1432@gmail.com;ᚫꛘ♕睯奤艝
1433;EE1433;emailee1433@gmail.com;ᚫꛘ♕睯奤艝
1434;EE1434;emailee1434@gmail.com;ᚫꛘ♕睯奤艝
1435;EE1435;emailee1435@gmail.com;ᚫꛘ♕睯奤艝
1436;EE1436;emailee1436@gmail.com;ᚫꛘ♕睯奤艝
1437;EE1437;emailee1437@gmail.com;ᚫꛘ♕睯奤艝
1438;EE1438;emailee1438@gmail.com;ᚫꛘ♕睯奤艝
1439;EE1439;emailee1439@gmail.com;ᚫꛘ♕睯奤艝
1440;EE1440;emailee1440@gmail.com;ᚫꛘ♕睯奤艝
1441;EE1441;emailee1441@gmail.com;ᚫꛘ♕睯奤艝
1442;EE1442;emailee1442@gmail.com;ᚫꛘ♕睯奤艝
1443;EE1443;emailee1443@gmail.com;ᚫꛘ♕睯奤艝
1444;EE1444;emailee1444@gmail.com;ᚫꛘ♕睯奤艝
1445;EE1445;emailee1445@gmail.com;ᚫꛘ♕睯奤艝
1446;EE1446;emailee1446@gmail.com;ᚫꛘ♕睯奤艝
1447;EE1447;emailee1447@gmail.com;ᚫꛘ♕睯奤艝
1448;EE1448;emailee1448@gmail.com;ᚫꛘ♕睯奤艝
1449;EE1449;emailee1449@gmail.com;ᚫꛘ♕睯奤艝
1450;EE1450;emailee1450@gmail.com;ᚫꛘ♕睯奤艝
1451;EE1451;emailee1451@gmail.com;ᚫꛘ♕睯奤艝
1452;EE1452;emailee1452@gmail.com;ᚫꛘ♕睯奤艝
1453;EE1453;emailee1453@gmail.com;ᚫꛘ♕睯奤艝
1454;EE1454;emailee1454@gmail.com;ᚫꛘ♕睯奤艝
1455;EE1455;emailee1455@gmail.com;ᚫꛘ♕睯奤艝
1456;EE1456;emailee1456@gmail.com;ᚫꛘ♕睯奤艝
1457;EE1457;emailee1457@gmail.com;ᚫꛘ♕睯奤艝
1458;EE1458;emailee1458@gmail.com;ᚫꛘ♕睯奤艝
1459;EE1459;emailee1459@gmail.com;ᚫꛘ♕睯奤艝
1460;EE1460;emailee1460@gmail.com;ᚫꛘ♕睯奤艝
1461;EE1461;emailee1461@gmail.com;ᚫꛘ♕睯奤艝
1462;EE1462;emailee1462@gmail.com;ᚫꛘ♕睯奤艝
1463;EE1463;emailee1463@gmail.com;ᚫꛘ♕睯奤艝
1464;EE1464;emailee1464@gmail.com;ᚫꛘ♕睯奤艝
1465;EE1465;emailee1465@gmail.com;ᚫꛘ♕睯奤艝
1466;EE1466;emailee1466@gmail.com;ᚫꛘ♕睯奤艝
1467;EE1467;emailee1467@gmail.com;ᚫꛘ♕睯奤艝
1468;EE1468;emailee1468@gmail.com;ᚫꛘ♕睯奤艝
1469;EE1469;emailee1469@gmail.com;ᚫꛘ♕睯奤艝
1470;EE1470;emailee1470@gmail.com;ᚫꛘ♕睯奤艝
1471;EE1471;emailee1471@gmail.com;ᚫꛘ♕睯奤艝
1472;EE1472;emailee1472@gmail.com;ᚫꛘ♕睯奤艝
1473;EE1473;emailee1473@gmail.com;ᚫꛘ♕睯奤艝
1474;EE1474;emailee1474@gmail.com;ᚫꛘ♕睯奤艝
1475;EE1475;emailee1475@gmail.com;ᚫꛘ♕睯奤艝
1476;EE1476;emailee1476@gmail.com;ᚫꛘ♕睯奤艝
1477;EE1477;emailee1477@gmail.com;ᚫꛘ♕睯奤艝
1478;EE1478;emailee1478@gmail.com;ᚫꛘ♕睯奤艝
1479;EE1479;emailee1479@gmail.com;ᚫꛘ♕睯奤艝
1480;EE1480;emailee1480@gmail.com;ᚫꛘ♕睯奤艝
1481;EE1481;emailee1481@gmail.com;ᚫꛘ♕睯奤艝
1482;EE1482;emailee1482@gmail.com;ᚫꛘ♕睯奤艝
1483;EE1483;emailee1483@gmail.com;ᚫꛘ♕睯奤艝
1484;EE1484;emailee1484@gmail.com;ᚫꛘ♕睯奤艝
1485;EE1485;emailee1485@gmail.com;ᚫꛘ♕睯奤艝
1486;EE1486;emailee1486@gmail.com;ᚫꛘ♕睯奤艝
1487;EE1487;emailee1487@gmail.com;ᚫꛘ♕睯奤艝
1488;EE1488;emailee1488@gmail.com;ᚫꛘ♕睯奤艝
1489;EE1489;emailee1489@gmail.com;ᚫꛘ♕睯奤艝
1490;EE1490;emailee1490@gmail.com;ᚫꛘ♕睯奤艝
1491;EE1491;emailee1491@gmail.com;ᚫꛘ♕睯奤艝
1492;EE1492;emailee1492@gmail.com;ᚫꛘ♕睯奤艝
1493;EE1493;emailee1493@gmail.com;ᚫꛘ♕睯奤艝
1494;EE1494;emailee1494@gmail.com;ᚫꛘ♕睯奤艝
1495;EE1495;emailee1495@gmail.com;ᚫꛘ♕睯奤艝
1496;EE1496;emailee1496@gmail.com;ᚫꛘ♕睯奤艝
1497;EE1497;emailee1497@gmail.com;ᚫꛘ♕睯奤艝
1498;EE1498;emailee1498@gmail.com;ᚫꛘ♕睯奤艝
1499;EE1499;emailee1499@gmail.com;ᚫꛘ♕睯奤艝
1500;EE1500;emailee1500@gmail.com;ᚫꛘ♕睯奤艝
1501;EE1501;emailee1501@gmail.com;ᚫꛘ♕睯奤艝
1502;EE1502;emailee1502@gmail.com;ᚫꛘ♕睯奤艝
1503;EE1503;emailee1503@gmail.com;ᚫꛘ♕睯奤艝
1504;EE1504;emailee1504@gmail.com;ᚫꛘ♕睯奤艝
1505;EE1505;emailee1505@gmail.com;ᚫꛘ♕睯奤艝
1506;EE1506;emailee1506@gmail.com;ᚫꛘ♕睯奤艝
1507;EE1507;emailee1507@gmail.com;ᚫꛘ♕睯奤艝
1508;EE1508;emailee1508@gmail.com;ᚫꛘ♕睯奤艝
1509;EE1509;emailee1509@gmail.com;ᚫꛘ♕睯奤艝
1510;EE1510;emailee1510@gmail.com;ᚫꛘ♕睯奤艝
1511;EE1511;emailee1511@gmail.com;ᚫꛘ♕睯奤艝
1512;EE1512;emailee1512@gmail.com;ᚫꛘ♕睯奤艝
1513;EE1513;emailee1513@gmail.com;ᚫꛘ♕睯奤艝
1514;EE1514;emailee1514@gmail.com;ᚫꛘ♕睯奤艝
1515;EE1515;emailee1515@gmail.com;ᚫꛘ♕睯奤艝
1516;EE1516;emailee1516@gmail.com;ᚫꛘ♕睯奤艝
1517;EE1517;emailee1517@gmail.com;ᚫꛘ♕睯奤艝
1518;EE1518;emailee1518@gmail.com;ᚫꛘ♕睯奤艝
1519;EE1519;emailee1519@gmail.com;ᚫꛘ♕睯奤艝
1520;EE1520;emailee1520@gmail.com;ᚫꛘ♕睯奤艝
1521;EE1521;emailee1521@gmail.com;ᚫꛘ♕睯奤艝
1522;EE1522;emailee1522@gmail.com;ᚫꛘ♕睯奤艝
1523;EE1523;emailee1523@gmail.com;ᚫꛘ♕睯奤艝
1524;EE1524;emailee1524@gmail.com;ᚫꛘ♕睯奤艝
1525;EE1525;emailee1525@gmail.com;ᚫꛘ♕睯奤艝
1526;EE1526;emailee1526@gmail.com;ᚫꛘ♕睯奤艝
1527;EE1527;emailee1527@gmail.com;ᚫꛘ♕睯奤艝
1528;EE1528;emailee1528@gmail.com;ᚫꛘ♕睯奤艝
1529;EE1529;emailee1529@gmail.com;ᚫꛘ♕睯奤艝
1530;EE1530;emailee1530@gmail.com;ᚫꛘ♕睯奤艝
1531;EE1531;emailee1531@gmail.com;ᚫꛘ♕睯奤艝
1532;EE1532;emailee1532@gmail.com;ᚫꛘ♕睯奤艝
1533;EE1533;emailee1533@gmail.com;ᚫꛘ♕睯奤艝
1534;EE1534;emailee1534@gmail.com;ᚫꛘ♕睯奤艝
1535;EE1535;emailee1535@gmail.com;ᚫꛘ♕睯奤艝
1536;EE1536;emailee1536@gmail.com;ᚫꛘ♕睯奤艝
1537;EE1537;emailee1537@gmail.com;ᚫꛘ♕睯奤艝
1538;EE1538;emailee1538@gmail.com;ᚫꛘ♕睯奤艝
1539;EE1539;emailee1539@gmail.com;ᚫꛘ♕睯奤艝
1540;EE1540;emailee1540@gmail.com;ᚫꛘ♕睯奤艝
1541;EE1541;emailee1541@gmail.com;ᚫꛘ♕睯奤艝
1542;EE1542;emailee1542@gmail.com;ᚫꛘ♕睯奤艝
1543;EE1543;emailee1543@gmail.com;ᚫꛘ♕睯奤艝
1544;EE1544;emailee1544@gmail.com;ᚫꛘ♕睯奤艝
1545;EE1545;emailee1545@gmail.com;ᚫꛘ♕睯奤艝
1546;EE1546;emailee1546@gmail.com;ᚫꛘ♕睯奤艝
1547;EE1547;emailee1547@gmail.com;ᚫꛘ♕睯奤艝
1548;EE1548;emailee1548@gmail.com;ᚫꛘ♕睯奤艝
1549;EE1549;emailee1549@gmail.com;ᚫꛘ♕睯奤艝
1550;EE1550;emailee1550@gmail.com;ᚫꛘ♕睯奤艝
1551;EE1551;emailee1551@gmail.com;ᚫꛘ♕睯奤艝
1552;EE1552;emailee1552@gmail.com;ᚫꛘ♕睯奤艝
1553;EE1553;emailee1553@gmail.com;ᚫꛘ♕睯奤艝
1554;EE1554;emailee1554@gmail.com;ᚫꛘ♕睯奤艝
1555;EE1555;emailee1555@gmail.com;ᚫꛘ♕睯奤艝
1556;EE1556;emailee1556@gmail.com;ᚫꛘ♕睯奤艝
1557;EE1557;emailee1557@gmail.com;ᚫꛘ♕睯奤艝
1558;EE1558;emailee1558@gmail.com;ᚫꛘ♕睯奤艝
1559;EE1559;emailee1559@gmail.com;ᚫꛘ♕睯奤艝
1560;EE1560;emailee1560@gmail.com;ᚫꛘ♕睯奤艝
1561;EE1561;emailee1561@gmail.com;ᚫꛘ♕睯奤艝
1562;EE1562;emailee1562@gmail.com;ᚫꛘ♕睯奤艝
1563;EE1563;emailee1563@gmail.com;ᚫꛘ♕睯奤艝
1564;EE1564;emailee1564@gmail.com;ᚫꛘ♕睯奤艝
1565;EE1565;emailee1565@gmail.com;ᚫꛘ♕睯奤艝
1566;EE1566;emailee1566@gmail.com;ᚫꛘ♕睯奤艝
1567;EE1567;emailee1567@gmail.com;ᚫꛘ♕睯奤艝
1568;EE1568;emailee1568@gmail.com;ᚫꛘ♕睯奤艝
1569;EE1569;emailee1569@gmail.com;ᚫꛘ♕睯奤艝
1570;EE1570;emailee1570@gmail.com;ᚫꛘ♕睯奤艝
1571;EE1571;emailee1571@gmail.com;ᚫꛘ♕睯奤艝
1572;EE1572;emailee1572@gmail.com;ᚫꛘ♕睯奤艝
1573;EE1573;emailee1573@gmail.com;ᚫꛘ♕睯奤艝
1574;EE1574;emailee1574@gmail.com;ᚫꛘ♕睯奤艝
1575;EE1575;emailee1575@gmail.com;ᚫꛘ♕睯奤艝
1576;EE1576;emailee1576@gmail.com;ᚫꛘ♕睯奤艝
1577;EE1577;emailee1577@gmail.com;ᚫꛘ♕睯奤艝
1578;EE1578;emailee1578@gmail.com;ᚫꛘ♕睯奤艝
1579;EE1579;emailee1579@gmail.com;ᚫꛘ♕睯奤艝
1580;EE1580;emailee1580@gmail.com;ᚫꛘ♕睯奤艝
1581;EE1581;emailee1581@gmail.com;ᚫꛘ♕睯奤艝
1582;EE1582;emailee1582@gmail.com;ᚫꛘ♕睯奤艝
1583;EE1583;emailee1583@gmail.com;ᚫꛘ♕睯奤艝
1584;EE1584;emailee1584@gmail.com;ᚫꛘ♕睯奤艝
1585;EE1585;emailee1585@gmail.com;ᚫꛘ♕睯奤艝
1586;EE1586;emailee1586@gmail.com;ᚫꛘ♕睯奤艝
1587;EE1587;emailee1587@gmail.com;ᚫꛘ♕睯奤艝
1588;EE1588;emailee1588@gmail.com;ᚫꛘ♕睯奤艝
1589;EE1589;emailee1589@gmail.com;ᚫꛘ♕睯奤艝
1590;EE1590;emailee1590@gmail.com;ᚫꛘ♕睯奤艝
1591;EE1591;emailee1591@gmail.com;ᚫꛘ♕睯奤艝
1592;EE1592;emailee1592@gmail.com;ᚫꛘ♕睯奤艝
1593;EE1593;emailee1593@gmail.com;ᚫꛘ♕睯奤艝
1594;EE1594;emailee1594@gmail.com;ᚫꛘ♕睯奤艝
1595;EE1595;emailee1595@gmail.com;ᚫꛘ♕睯奤艝
1596;EE1596;emailee1596@gmail.com;ᚫꛘ♕睯奤艝
1597;EE1597;emailee1597@gmail.com;ᚫꛘ♕睯奤艝
1598;EE1598;emailee1598@gmail.com;ᚫꛘ♕睯奤艝
1599;EE1599;emailee1599@gmail.com;ᚫꛘ♕睯奤艝
1600;EE1600;emailee1600@gmail.com;ᚫꛘ♕睯奤艝
1601;EE1601;emailee1601@gmail.com;ᚫꛘ♕睯奤艝
1602;EE1602;emailee1602@gmail.com;ᚫꛘ♕睯奤艝
1603;EE1603;emailee1603@gmail.com;ᚫꛘ♕睯奤艝
1604;EE1604;emailee1604@gmail.com;ᚫꛘ♕睯奤艝
1605;EE1605;emailee1605@gmail.com;ᚫꛘ♕睯奤艝
1606;EE1606;emailee1606@gmail.com;ᚫꛘ♕睯奤艝
1607;EE1607;emailee1607@gmail.com;ᚫꛘ♕睯奤艝
1608;EE1608;emailee1608@gmail.com;ᚫꛘ♕睯奤艝
1609;EE1609;emailee1609@gmail.com;ᚫꛘ♕睯奤艝
1610;EE1610;emailee1610@gmail.com;ᚫꛘ♕睯奤艝
1611;EE1611;emailee1611@gmail.com;ᚫꛘ♕睯奤艝
1612;EE1612;emailee1612@gmail.com;ᚫꛘ♕睯奤艝
1613;EE1613;emailee1613@gmail.com;ᚫꛘ♕睯奤艝
1614;EE1614;emailee1614@gmail.com;ᚫꛘ♕睯奤艝
1615;EE1615;emailee1615@gmail.com;ᚫꛘ♕睯奤艝
1616;EE1616;emailee1616@gmail.com;ᚫꛘ♕睯奤艝
1617;EE1617;emailee1617@gmail.com;ᚫꛘ♕睯奤艝
1618;EE1618;emailee1618@gmail.com;ᚫꛘ♕睯奤艝
1619;EE1619;emailee1619@gmail.com;ᚫꛘ♕睯奤艝
1620;EE1620;emailee1620@gmail.com;ᚫꛘ♕睯奤艝
1621;EE1621;emailee1621@gmail.com;ᚫꛘ♕睯奤艝
1622;EE1622;emailee1622@gmail.com;ᚫꛘ♕睯奤艝
1623;EE1623;emailee1623@gmail.com;ᚫꛘ♕睯奤艝
1624;EE1624;emailee1624@gmail.com;ᚫꛘ♕睯奤艝
1625;EE1625;emailee1625@gmail.com;ᚫꛘ♕睯奤艝
1626;EE1626;emailee1626@gmail.com;ᚫꛘ♕睯奤艝
1627;EE1627;emailee1627@gmail.com;ᚫꛘ♕睯奤艝
1628;EE1628;emailee1628@gmail.com;ᚫꛘ♕睯奤艝
1629;EE1629;emailee1629@gmail.com;ᚫꛘ♕睯奤艝
1630;EE1630;emailee1630@gmail.com;ᚫꛘ♕睯奤艝
1631;EE1631;emailee1631@gmail.com;ᚫꛘ♕睯奤艝
1632;EE1632;emailee1632@gmail.com;ᚫꛘ♕睯奤艝
1633;EE1633;emailee1633@gmail.com;ᚫꛘ♕睯奤艝
1634;EE1634;emailee1634@gmail.com;ᚫꛘ♕睯奤艝
1635;EE1635;emailee1635@gmail.com;ᚫꛘ♕睯奤艝
1636;EE1636;emailee1636@gmail.com;ᚫꛘ♕睯奤艝
1637;EE1637;emailee1637@gmail.com;ᚫꛘ♕睯奤艝
1638;EE1638;emailee1638@gmail.com;ᚫꛘ♕睯奤艝
1639;EE1639;emailee1639@gmail.com;ᚫꛘ♕睯奤艝
1640;EE1640;emailee1640@gmail.com;ᚫꛘ♕睯奤艝
1641;EE1641;emailee1641@gmail.com;ᚫꛘ♕睯奤艝
1642;EE1642;emailee1642@gmail.com;ᚫꛘ♕睯奤艝
1643;EE1643;emailee1643@gmail.com;ᚫꛘ♕睯奤艝
1644;EE1644;emailee1644@gmail.com;ᚫꛘ♕睯奤艝
1645;EE1645;emailee1645@gmail.com;ᚫꛘ♕睯奤艝
1646;EE1646;emailee1646@gmail.com;ᚫꛘ♕睯奤艝
1647;EE1647;emailee1647@gmail.com;ᚫꛘ♕睯奤艝
1648;EE1648;emailee1648@gmail.com;ᚫꛘ♕睯奤艝
1649;EE1649;emailee1649@gmail.com;ᚫꛘ♕睯奤艝
1650;EE1650;emailee1650@gmail.com;ᚫꛘ♕睯奤艝
1651;EE1651;emailee1651@gmail.com;ᚫꛘ♕睯奤艝
1652;EE1652;emailee1652@gmail.com;ᚫꛘ♕睯奤艝
1653;EE1653;emailee1653@gmail.com;ᚫꛘ♕睯奤艝
1654;EE1654;emailee1654@gmail.com;ᚫꛘ♕睯奤艝
1655;EE1655;emailee1655@gmail.com;ᚫꛘ♕睯奤艝
1656;EE1656;emailee1656@gmail.com;ᚫꛘ♕睯奤艝
1657;EE1657;emailee1657@gmail.com;ᚫꛘ♕睯奤艝
1658;EE1658;emailee1658@gmail.com;ᚫꛘ♕睯奤艝
1659;EE1659;emailee1659@gmail.com;ᚫꛘ♕睯奤艝
1660;EE1660;emailee1660@gmail.com;ᚫꛘ♕睯奤艝
1661;EE1661;emailee1661@gmail.com;ᚫꛘ♕睯奤艝
1662;EE1662;emailee1662@gmail.com;ᚫꛘ♕睯奤艝
1663;EE1663;emailee1663@gmail.com;ᚫꛘ♕睯奤艝
1664;EE1664;emailee1664@gmail.com;ᚫꛘ♕睯奤艝
1665;EE1665;emailee1665@gmail.com;ᚫꛘ♕睯奤艝
1666;EE1666;emailee1666@gmail.com;ᚫꛘ♕睯奤艝
1667;EE1667;emailee1667@gmail.com;ᚫꛘ♕睯奤艝
1668;EE1668;emailee1668@gmail.com;ᚫꛘ♕睯奤艝
1669;EE1669;emailee1669@gmail.com;ᚫꛘ♕睯奤艝
1670;EE1670;emailee1670@gmail.com;ᚫꛘ♕睯奤艝
1671;EE1671;emailee1671@gmail.com;ᚫꛘ♕睯奤艝
1672;EE1672;emailee1672@gmail.com;ᚫꛘ♕睯奤艝
1673;EE1673;emailee1673@gmail.com;ᚫꛘ♕睯奤艝
1674;EE1674;emailee1674@gmail.com;ᚫꛘ♕睯奤艝
1675;EE1675;emailee1675@gmail.com;ᚫꛘ♕睯奤艝
1676;EE1676;emailee1676@gmail.com;ᚫꛘ♕睯奤艝
1677;EE1677;emailee1677@gmail.com;ᚫꛘ♕睯奤艝
1678;EE1678;emailee1678@gmail.com;ᚫꛘ♕睯奤艝
1679;EE1679;emailee1679@gmail.com;ᚫꛘ♕睯奤艝
1680;EE1680;emailee1680@gmail.com;ᚫꛘ♕睯奤艝
1681;EE1681;emailee1681@gmail.com;ᚫꛘ♕睯奤艝
1682;EE1682;emailee1682@gmail.com;ᚫꛘ♕睯奤艝
1683;EE1683;emailee1683@gmail.com;ᚫꛘ♕睯奤艝
1684;EE1684;emailee1684@gmail.com;ᚫꛘ♕睯奤艝
1685;EE1685;emailee1685@gmail.com;ᚫꛘ♕睯奤艝
1686;EE1686;emailee1686@gmail.com;ᚫꛘ♕睯奤艝
1687;EE1687;emailee1687@gmail.com;ᚫꛘ♕睯奤艝
1688;EE1688;emailee1688@gmail.com;ᚫꛘ♕睯奤艝
1689;EE1689;emailee1689@gmail.com;ᚫꛘ♕睯奤艝
1690;EE1690;emailee1690@gmail.com;ᚫꛘ♕睯奤艝
1691;EE1691;emailee1691@gmail.com;ᚫꛘ♕睯奤艝
1692;EE1692;emailee1692@gmail.com;ᚫꛘ♕睯奤艝
1693;EE1693;emailee1693@gmail.com;ᚫꛘ♕睯奤艝
1694;EE1694;emailee1694@gmail.com;ᚫꛘ♕睯奤艝
1695;EE1695;emailee1695@gmail.com;ᚫꛘ♕睯奤艝
1696;EE1696;emailee1696@gmail.com;ᚫꛘ♕睯奤艝
1697;EE1697;emailee1697@gmail.com;ᚫꛘ♕睯奤艝
1698;EE1698;emailee1698@gmail.com;ᚫꛘ♕睯奤艝
1699;EE1699;emailee1699@gmail.com;ᚫꛘ♕睯奤艝
1700;EE1700;emailee1700@gmail.com;ᚫꛘ♕睯奤艝
1701;EE1701;emailee1701@gmail.com;ᚫꛘ♕睯奤艝
1702;EE1702;emailee1702@gmail.com;ᚫꛘ♕睯奤艝
1703;EE1703;emailee1703@gmail.com;ᚫꛘ♕睯奤艝
1704;EE1704;emailee1704@gmail.com;ᚫꛘ♕睯奤艝
1705;EE1705;emailee1705@gmail.com;ᚫꛘ♕睯奤艝
1706;EE1706;emailee1706@gmail.com;ᚫꛘ♕睯奤艝
1707;EE1707;emailee1707@gmail.com;ᚫꛘ♕睯奤艝
1708;EE1708;emailee1708@gmail.com;ᚫꛘ♕睯奤艝
1709;EE1709;emailee1709@gmail.com;ᚫꛘ♕睯奤艝
1710;EE1710;emailee1710@gmail.com;ᚫꛘ♕睯奤艝
1711;EE1711;emailee1711@gmail.com;ᚫꛘ♕睯奤艝
1712;EE1712;emailee1712@gmail.com;ᚫꛘ♕睯奤艝
1713;EE1713;emailee1713@gmail.com;ᚫꛘ♕睯奤艝
1714;EE1714;emailee1714@gmail.com;ᚫꛘ♕睯奤艝
1715;EE1715;emailee1715@gmail.com;ᚫꛘ♕睯奤艝
1716;EE1716;emailee1716@gmail.com;ᚫꛘ♕睯奤艝
1717;EE1717;emailee1717@gmail.com;ᚫꛘ♕睯奤艝
1718;EE1718;emailee1718@gmail.com;ᚫꛘ♕睯奤艝
1719;EE1719;emailee1719@gmail.com;ᚫꛘ♕睯奤艝
1720;EE1720;emailee1720@gmail.com;ᚫꛘ♕睯奤艝
1721;EE1721;emailee1721@gmail.com;ᚫꛘ♕睯奤艝
1722;EE1722;emailee1722@gmail.com;ᚫꛘ♕睯奤艝
1723;EE1723;emailee1723@gmail.com;ᚫꛘ♕睯奤艝
1724;EE1724;emailee1724@gmail.com;ᚫꛘ♕睯奤艝
1725;EE1725;emailee1725@gmail.com;ᚫꛘ♕睯奤艝
1726;EE1726;emailee1726@gmail.com;ᚫꛘ♕睯奤艝
1727;EE1727;emailee1727@gmail.com;ᚫꛘ♕睯奤艝
1728;EE1728;emailee1728@gmail.com;ᚫꛘ♕睯奤艝
1729;EE1729;emailee1729@gmail.com;ᚫꛘ♕睯奤艝
1730;EE1730;emailee1730@gmail.com;ᚫꛘ♕睯奤艝
1731;EE1731;emailee1731@gmail.com;ᚫꛘ♕睯奤艝
1732;EE1732;emailee1732@gmail.com;ᚫꛘ♕睯奤艝
1733;EE1733;emailee1733@gmail.com;ᚫꛘ♕睯奤艝
1734;EE1734;emailee1734@gmail.com;ᚫꛘ♕睯奤艝
1735;EE1735;emailee1735@gmail.com;ᚫꛘ♕睯奤艝
1736;EE1736;emailee1736@gmail.com;ᚫꛘ♕睯奤艝
1737;EE1737;emailee1737@gmail.com;ᚫꛘ♕睯奤艝
1738;EE1738;emailee1738@gmail.com;ᚫꛘ♕睯奤艝
1739;EE1739;emailee1739@gmail.com;ᚫꛘ♕睯奤艝
1740;EE1740;emailee1740@gmail.com;ᚫꛘ♕睯奤艝
1741;EE1741;emailee1741@gmail.com;ᚫꛘ♕睯奤艝
1742;EE1742;emailee1742@gmail.com;ᚫꛘ♕睯奤艝
1743;EE1743;emailee1743@gmail.com;ᚫꛘ♕睯奤艝
1744;EE1744;emailee1744@gmail.com;ᚫꛘ♕睯奤艝
1745;EE1745;emailee1745@gmail.com;ᚫꛘ♕睯奤艝
1746;EE1746;emailee1746@gmail.com;ᚫꛘ♕睯奤艝
1747;EE1747;emailee1747@gmail.com;ᚫꛘ♕睯奤艝
1748;EE1748;emailee1748@gmail.com;ᚫꛘ♕睯奤艝
1749;EE1749;emailee1749@gmail.com;ᚫꛘ♕睯奤艝
1750;EE1750;emailee1750@gmail.com;ᚫꛘ♕睯奤艝
1751;EE1751;emailee1751@gmail.com;ᚫꛘ♕睯奤艝
1752;EE1752;emailee1752@gmail.com;ᚫꛘ♕睯奤艝
1753;EE1753;emailee1753@gmail.com;ᚫꛘ♕睯奤艝
1754;EE1754;emailee1754@gmail.com;ᚫꛘ♕睯奤艝
1755;EE1755;emailee1755@gmail.com;ᚫꛘ♕睯奤艝
1756;EE1756;emailee1756@gmail.com;ᚫꛘ♕睯奤艝
1757;EE1757;emailee1757@gmail.com;ᚫꛘ♕睯奤艝
1758;EE1758;emailee1758@gmail.com;ᚫꛘ♕睯奤艝
1759;EE1759;emailee1759@gmail.com;ᚫꛘ♕睯奤艝
1760;EE1760;emailee1760@gmail.com;ᚫꛘ♕睯奤艝
1761;EE1761;emailee1761@gmail.com;ᚫꛘ♕睯奤艝
1762;EE1762;emailee1762@gmail.com;ᚫꛘ♕睯奤艝
1763;EE1763;emailee1763@gmail.com;ᚫꛘ♕睯奤艝
1764;EE1764;emailee1764@gmail.com;ᚫꛘ♕睯奤艝
1765;EE1765;emailee1765@gmail.com;ᚫꛘ♕睯奤艝
1766;EE1766;emailee1766@gmail.com;ᚫꛘ♕睯奤艝
1767;EE1767;emailee1767@gmail.com;ᚫꛘ♕睯奤艝
1768;EE1768;emailee1768@gmail.com;ᚫꛘ♕睯奤艝
1769;EE1769;emailee1769@gmail.com;ᚫꛘ♕睯奤艝
1770;EE1770;emailee1770@gmail.com;ᚫꛘ♕睯奤艝
1771;EE1771;emailee1771@gmail.com;ᚫꛘ♕睯奤艝
1772;EE1772;emailee1772@gmail.com;ᚫꛘ♕睯奤艝
1773;EE1773;emailee1773@gmail.com;ᚫꛘ♕睯奤艝
1774;EE1774;emailee1774@gmail.com;ᚫꛘ♕睯奤艝
1775;EE1775;emailee1775@gmail.com;ᚫꛘ♕睯奤艝
1776;EE1776;emailee1776@gmail.com;ᚫꛘ♕睯奤艝
1777;EE1777;emailee1777@gmail.com;ᚫꛘ♕睯奤艝
1778;EE1778;emailee1778@gmail.com;ᚫꛘ♕睯奤艝
1779;EE1779;emailee1779@gmail.com;ᚫꛘ♕睯奤艝
1780;EE1780;emailee1780@gmail.com;ᚫꛘ♕睯奤艝
1781;EE1781;emailee1781@gmail.com;ᚫꛘ♕睯奤艝
1782;EE1782;emailee1782@gmail.com;ᚫꛘ♕睯奤艝
1783;EE1783;emailee1783@gmail.com;ᚫꛘ♕睯奤艝
1784;EE1784;emailee1784@gmail.com;ᚫꛘ♕睯奤艝
1785;EE1785;emailee1785@gmail.com;ᚫꛘ♕睯奤艝
1786;EE1786;emailee1786@gmail.com;ᚫꛘ♕睯奤艝
1787;EE1787;emailee1787@gmail.com;ᚫꛘ♕睯奤艝
1788;EE1788;emailee1788@gmail.com;ᚫꛘ♕睯奤艝
1789;EE1789;emailee1789@gmail.com;ᚫꛘ♕睯奤艝
1790;EE1790;emailee1790@gmail.com;ᚫꛘ♕睯奤艝
1791;EE1791;emailee1791@gmail.com;ᚫꛘ♕睯奤艝
1792;EE1792;emailee1792@gmail.com;ᚫꛘ♕睯奤艝
1793;EE1793;emailee1793@gmail.com;ᚫꛘ♕睯奤艝
1794;EE1794;emailee1794@gmail.com;ᚫꛘ♕睯奤艝
1795;EE1795;emailee1795@gmail.com;ᚫꛘ♕睯奤艝
1796;EE1796;emailee1796@gmail.com;ᚫꛘ♕睯奤艝
1797;EE1797;emailee1797@gmail.com;ᚫꛘ♕睯奤艝
1798;EE1798;emailee1798@gmail.com;ᚫꛘ♕睯奤艝
1799;EE1799;emailee1799@gmail.com;ᚫꛘ♕睯奤艝
1800;EE1800;emailee1800@gmail.com;ᚫꛘ♕睯奤艝
1801;EE1801;emailee1801@gmail.com;ᚫꛘ♕睯奤艝
1802;EE1802;emailee1802@gmail.com;ᚫꛘ♕睯奤艝
1803;EE1803;emailee1803@gmail.com;ᚫꛘ♕睯奤艝
1804;EE1804;emailee1804@gmail.com;ᚫꛘ♕睯奤艝
1805;EE1805;emailee1805@gmail.com;ᚫꛘ♕睯奤艝
1806;EE1806;emailee1806@gmail.com;ᚫꛘ♕睯奤艝
1807;EE1807;emailee1807@gmail.com;ᚫꛘ♕睯奤艝
1808;EE1808;emailee1808@gmail.com;ᚫꛘ♕睯奤艝
1809;EE1809;emailee1809@gmail.com;ᚫꛘ♕睯奤艝
1810;EE1810;emailee1810@gmail.com;ᚫꛘ♕睯奤艝
1811;EE1811;emailee1811@gmail.com;ᚫꛘ♕睯奤艝
1812;EE1812;emailee1812@gmail.com;ᚫꛘ♕睯奤艝
1813;EE1813;emailee1813@gmail.com;ᚫꛘ♕睯奤艝
1814;EE1814;emailee1814@gmail.com;ᚫꛘ♕睯奤艝
1815;EE1815;emailee1815@gmail.com;ᚫꛘ♕睯奤艝
1816;EE1816;emailee1816@gmail.com;ᚫꛘ♕睯奤艝
1817;EE1817;emailee1817@gmail.com;ᚫꛘ♕睯奤艝
1818;EE1818;emailee1818@gmail.com;ᚫꛘ♕睯奤艝
1819;EE1819;emailee1819@gmail.com;ᚫꛘ♕睯奤艝
1820;EE1820;emailee1820@gmail.com;ᚫꛘ♕睯奤艝
1821;EE1821;emailee1821@gmail.com;ᚫꛘ♕睯奤艝
1822;EE1822;emailee1822@gmail.com;ᚫꛘ♕睯奤艝
1823;EE1823;emailee1823@gmail.com;ᚫꛘ♕睯奤艝
1824;EE1824;emailee1824@gmail.com;ᚫꛘ♕睯奤艝
1825;EE1825;emailee1825@gmail.com;ᚫꛘ♕睯奤艝
1826;EE1826;emailee1826@gmail.com;ᚫꛘ♕睯奤艝
1827;EE1827;emailee1827@gmail.com;ᚫꛘ♕睯奤艝
1828;EE1828;emailee1828@gmail.com;ᚫꛘ♕睯奤艝
1829;EE1829;emailee1829@gmail.com;ᚫꛘ♕睯奤艝
1830;EE1830;emailee1830@gmail.com;ᚫꛘ♕睯奤艝
1831;EE1831;emailee1831@gmail.com;ᚫꛘ♕睯奤艝
1832;EE1832;emailee1832@gmail.com;ᚫꛘ♕睯奤艝
1833;EE1833;emailee1833@gmail.com;ᚫꛘ♕睯奤艝
1834;EE1834;emailee1834@gmail.com;ᚫꛘ♕睯奤艝
1835;EE1835;emailee1835@gmail.com;ᚫꛘ♕睯奤艝
1836;EE1836;emailee1836@gmail.com;ᚫꛘ♕睯奤艝
1837;EE1837;emailee1837@gmail.com;ᚫꛘ♕睯奤艝
1838;EE1838;emailee1838@gmail.com;ᚫꛘ♕睯奤艝
1839;EE1839;emailee1839@gmail.com;ᚫꛘ♕睯奤艝
1840;EE1840;emailee1840@gmail.com;ᚫꛘ♕睯奤艝
1841;EE1841;emailee1841@gmail.com;ᚫꛘ♕睯奤艝
1842;EE1842;emailee1842@gmail.com;ᚫꛘ♕睯奤艝
1843;EE1843;emailee1843@gmail.com;ᚫꛘ♕睯奤艝
1844;EE1844;emailee1844@gmail.com;ᚫꛘ♕睯奤艝
1845;EE1845;emailee1845@gmail.com;ᚫꛘ♕睯奤艝
1846;EE1846;emailee1846@gmail.com;ᚫꛘ♕睯奤艝
1847;EE1847;emailee1847@gmail.com;ᚫꛘ♕睯奤艝
1848;EE1848;emailee1848@gmail.com;ᚫꛘ♕睯奤艝
1849;EE1849;emailee1849@gmail.com;ᚫꛘ♕睯奤艝
1850;EE1850;emailee1850@gmail.com;ᚫꛘ♕睯奤艝
1851;EE1851;emailee1851@gmail.com;ᚫꛘ♕睯奤艝
1852;EE1852;emailee1852@gmail.com;ᚫꛘ♕睯奤艝
1853;EE1853;emailee1853@gmail.com;ᚫꛘ♕睯奤艝
1854;EE1854;emailee1854@gmail.com;ᚫꛘ♕睯奤艝
1855;EE1855;emailee1855@gmail.com;ᚫꛘ♕睯奤艝
1856;EE1856;emailee1856@gmail.com;ᚫꛘ♕睯奤艝
1857;EE1857;emailee1857@gmail.com;ᚫꛘ♕睯奤艝
1858;EE1858;emailee1858@gmail.com;ᚫꛘ♕睯奤艝
1859;EE1859;emailee1859@gmail.com;ᚫꛘ♕睯奤艝
1860;EE1860;emailee1860@gmail.com;ᚫꛘ♕睯奤艝
1861;EE1861;emailee1861@gmail.com;ᚫꛘ♕睯奤艝
1862;EE1862;emailee1862@gmail.com;ᚫꛘ♕睯奤艝
1863;EE1863;emailee1863@gmail.com;ᚫꛘ♕睯奤艝
1864;EE1864;emailee1864@gmail.com;ᚫꛘ♕睯奤艝
1865;EE1865;emailee1865@gmail.com;ᚫꛘ♕睯奤艝
1866;EE1866;emailee1866@gmail.com;ᚫꛘ♕睯奤艝
1867;EE1867;emailee1867@gmail.com;ᚫꛘ♕睯奤艝
1868;EE1868;emailee1868@gmail.com;ᚫꛘ♕睯奤艝
1869;EE1869;emailee1869@gmail.com;ᚫꛘ♕睯奤艝
1870;EE1870;emailee1870@gmail.com;ᚫꛘ♕睯奤艝
1871;EE1871;emailee1871@gmail.com;ᚫꛘ♕睯奤艝
1872;EE1872;emailee1872@gmail.com;ᚫꛘ♕睯奤艝
1873;EE1873;emailee1873@gmail.com;ᚫꛘ♕睯奤艝
1874;EE1874;emailee1874@gmail.com;ᚫꛘ♕睯奤艝
1875;EE1875;emailee1875@gmail.com;ᚫꛘ♕睯奤艝
1876;EE1876;emailee1876@gmail.com;ᚫꛘ♕睯奤艝
1877;EE1877;emailee1877@gmail.com;ᚫꛘ♕睯奤艝
1878;EE1878;emailee1878@gmail.com;ᚫꛘ♕睯奤艝
1879;EE1879;emailee1879@gmail.com;ᚫꛘ♕睯奤艝
1880;EE1880;emailee1880@gmail.com;ᚫꛘ♕睯奤艝
1881;EE1881;emailee1881@gmail.com;ᚫꛘ♕睯奤艝
1882;EE1882;emailee1882@gmail.com;ᚫꛘ♕睯奤艝
1883;EE1883;emailee1883@gmail.com;ᚫꛘ♕睯奤艝
1884;EE1884;emailee1884@gmail.com;ᚫꛘ♕睯奤艝
1885;EE1885;emailee1885@gmail.com;ᚫꛘ♕睯奤艝
1886;EE1886;emailee1886@gmail.com;ᚫꛘ♕睯奤艝
1887;EE1887;emailee1887@gmail.com;ᚫꛘ♕睯奤艝
1888;EE1888;emailee1888@gmail.com;ᚫꛘ♕睯奤艝
1889;EE1889;emailee1889@gmail.com;ᚫꛘ♕睯奤艝
1890;EE1890;emailee1890@gmail.com;ᚫꛘ♕睯奤艝
1891;EE1891;emailee1891@gmail.com;ᚫꛘ♕睯奤艝
1892;EE1892;emailee1892@gmail.com;ᚫꛘ♕睯奤艝
1893;EE1893;emailee1893@gmail.com;ᚫꛘ♕睯奤艝
1894;EE1894;emailee1894@gmail.com;ᚫꛘ♕睯奤艝
1895;EE1895;emailee1895@gmail.com;ᚫꛘ♕睯奤艝
1896;EE1896;emailee1896@gmail.com;ᚫꛘ♕睯奤艝
1897;EE1897;emailee1897@gmail.com;ᚫꛘ♕睯奤艝
1898;EE1898;emailee1898@gmail.com;ᚫꛘ♕睯奤艝
1899;EE1899;emailee1899@gmail.com;ᚫꛘ♕睯奤艝
1900;EE1900;emailee1900@gmail.com;ᚫꛘ♕睯奤艝
1901;EE1901;emailee1901@gmail.com;ᚫꛘ♕睯奤艝
1902;EE1902;emailee1902@gmail.com;ᚫꛘ♕睯奤艝
1903;EE1903;emailee1903@gmail.com;ᚫꛘ♕睯奤艝
1904;EE1904;emailee1904@gmail.com;ᚫꛘ♕睯奤艝
1905;EE1905;emailee1905@gmail.com;ᚫꛘ♕睯奤艝
1906;EE1906;emailee1906@gmail.com;ᚫꛘ♕睯奤艝
1907;EE1907;emailee1907@gmail.com;ᚫꛘ♕睯奤艝
1908;EE1908;emailee1908@gmail.com;ᚫꛘ♕睯奤艝
1909;EE1909;emailee1909@gmail.com;ᚫꛘ♕睯奤艝
1910;EE1910;emailee1910@gmail.com;ᚫꛘ♕睯奤艝
1911;EE1911;emailee1911@gmail.com;ᚫꛘ♕睯奤艝
1912;EE1912;emailee1912@gmail.com;ᚫꛘ♕睯奤艝
1913;EE1913;emailee1913@gmail.com;ᚫꛘ♕睯奤艝
1914;EE1914;emailee1914@gmail.com;ᚫꛘ♕睯奤艝
1915;EE1915;emailee1915@gmail.com;ᚫꛘ♕睯奤艝
1916;EE1916;emailee1916@gmail.com;ᚫꛘ♕睯奤艝
1917;EE1917;emailee1917@gmail.com;ᚫꛘ♕睯奤艝
1918;EE1918;emailee1918@gmail.com;ᚫꛘ♕睯奤艝
1919;EE1919;emailee1919@gmail.com;ᚫꛘ♕睯奤艝
1920;EE1920;emailee1920@gmail.com;ᚫꛘ♕睯奤艝
1921;EE1921;emailee1921@gmail.com;ᚫꛘ♕睯奤艝
1922;EE1922;emailee1922@gmail.com;ᚫꛘ♕睯奤艝
1923;EE1923;emailee1923@gmail.com;ᚫꛘ♕睯奤艝
1924;EE1924;emailee1924@gmail.com;ᚫꛘ♕睯奤艝
1925;EE1925;emailee1925@gmail.com;ᚫꛘ♕睯奤艝
1926;EE1926;emailee1926@gmail.com;ᚫꛘ♕睯奤艝
1927;EE1927;emailee1927@gmail.com;ᚫꛘ♕睯奤艝
1928;EE1928;emailee1928@gmail.com;ᚫꛘ♕睯奤艝
1929;EE1929;emailee1929@gmail.com;ᚫꛘ♕睯奤艝
1930;EE1930;emailee1930@gmail.com;ᚫꛘ♕睯奤艝
1931;EE1931;emailee1931@gmail.com;ᚫꛘ♕睯奤艝
1932;EE1932;emailee1932@gmail.com;ᚫꛘ♕睯奤艝
1933;EE1933;emailee1933@gmail.com;ᚫꛘ♕睯奤艝
1934;EE1934;emailee1934@gmail.com;ᚫꛘ♕睯奤艝
1935;EE1935;emailee1935@gmail.com;ᚫꛘ♕睯奤艝
1936;EE1936;emailee1936@gmail.com;ᚫꛘ♕睯奤艝
1937;EE1937;emailee1937@gmail.com;ᚫꛘ♕睯奤艝
1938;EE1938;emailee1938@gmail.com;ᚫꛘ♕睯奤艝
1939;EE1939;emailee1939@gmail.com;ᚫꛘ♕睯奤艝
1940;EE1940;emailee1940@gmail.com;ᚫꛘ♕睯奤艝
1941;EE1941;emailee1941@gmail.com;ᚫꛘ♕睯奤艝
1942;EE1942;emailee1942@gmail.com;ᚫꛘ♕睯奤艝
1943;EE1943;emailee1943@gmail.com;ᚫꛘ♕睯奤艝
1944;EE1944;emailee1944@gmail.com;ᚫꛘ♕睯奤艝
1945;EE1945;emailee1945@gmail.com;ᚫꛘ♕睯奤艝
1946;EE1946;emailee1946@gmail.com;ᚫꛘ♕睯奤艝
1947;EE1947;emailee1947@gmail.com;ᚫꛘ♕睯奤艝
